match_id,team_a,team_b,runs_target,match_won_by,team_a_runs,team_b_runs,team_a_wickets,team_b_wickets
335982,Kolkata Knight Riders,Royal Challengers Bengaluru,223.0,Kolkata Knight Riders,222,82,3,10
335983,Chennai Super Kings,Punjab Kings,241.0,Chennai Super Kings,240,207,5,4
335984,Rajasthan Royals,Delhi Capitals,130.0,Delhi Capitals,129,132,8,1
335985,Mumbai Indians,Royal Challengers Bengaluru,166.0,Royal Challengers Bengaluru,165,166,6,5
335986,Sunrisers Hyderabad,Kolkata Knight Riders,111.0,Kolkata Knight Riders,110,112,10,5
335987,Punjab Kings,Rajasthan Royals,167.0,Rajasthan Royals,166,168,8,4
335988,Sunrisers Hyderabad,Delhi Capitals,143.0,Delhi Capitals,142,143,8,1
335989,Chennai Super Kings,Mumbai Indians,209.0,Chennai Super Kings,208,202,5,7
335990,Sunrisers Hyderabad,Rajasthan Royals,215.0,Rajasthan Royals,214,217,5,7
335991,Punjab Kings,Mumbai Indians,183.0,Punjab Kings,182,116,10,9
335992,Royal Challengers Bengaluru,Rajasthan Royals,136.0,Rajasthan Royals,135,138,8,3
335993,Kolkata Knight Riders,Chennai Super Kings,148.0,Chennai Super Kings,147,152,9,1
335994,Mumbai Indians,Sunrisers Hyderabad,155.0,Sunrisers Hyderabad,154,155,7,0
335995,Delhi Capitals,Punjab Kings,159.0,Punjab Kings,158,162,8,6
335996,Chennai Super Kings,Royal Challengers Bengaluru,179.0,Chennai Super Kings,178,165,5,10
335997,Kolkata Knight Riders,Mumbai Indians,138.0,Mumbai Indians,137,138,8,3
335998,Delhi Capitals,Royal Challengers Bengaluru,192.0,Delhi Capitals,191,181,5,5
335999,Sunrisers Hyderabad,Punjab Kings,165.0,Punjab Kings,164,167,8,3
336000,Rajasthan Royals,Kolkata Knight Riders,197.0,Rajasthan Royals,196,151,7,10
336001,Chennai Super Kings,Delhi Capitals,170.0,Delhi Capitals,169,172,6,2
336002,Sunrisers Hyderabad,Royal Challengers Bengaluru,166.0,Royal Challengers Bengaluru,165,171,10,5
336003,Punjab Kings,Kolkata Knight Riders,179.0,Punjab Kings,178,169,6,6
336004,Mumbai Indians,Delhi Capitals,163.0,Mumbai Indians,162,133,8,10
336005,Chennai Super Kings,Rajasthan Royals,110.0,Rajasthan Royals,109,110,10,2
336006,Royal Challengers Bengaluru,Punjab Kings,127.0,Punjab Kings,126,127,10,4
336007,Chennai Super Kings,Sunrisers Hyderabad,145.0,Sunrisers Hyderabad,144,148,7,3
336008,Rajasthan Royals,Mumbai Indians,104.0,Mumbai Indians,103,104,10,3
336009,Delhi Capitals,Chennai Super Kings,188.0,Chennai Super Kings,187,188,5,6
336010,Kolkata Knight Riders,Royal Challengers Bengaluru,130.0,Kolkata Knight Riders,129,124,7,4
336011,Sunrisers Hyderabad,Rajasthan Royals,141.0,Rajasthan Royals,140,141,8,2
336012,Royal Challengers Bengaluru,Mumbai Indians,123.0,Mumbai Indians,122,126,9,1
336013,Chennai Super Kings,Punjab Kings,182.0,Chennai Super Kings,181,163,4,9
336014,Kolkata Knight Riders,Sunrisers Hyderabad,205.0,Kolkata Knight Riders,204,181,4,7
336015,Delhi Capitals,Rajasthan Royals,157.0,Rajasthan Royals,156,159,7,7
336016,Royal Challengers Bengaluru,Punjab Kings,144.0,Punjab Kings,143,144,8,1
336017,Kolkata Knight Riders,Delhi Capitals,134.0,Kolkata Knight Riders,133,110,6,10
336018,Chennai Super Kings,Mumbai Indians,157.0,Mumbai Indians,156,158,6,1
336019,Punjab Kings,Rajasthan Royals,222.0,Punjab Kings,221,180,3,7
336020,Delhi Capitals,Sunrisers Hyderabad,195.0,Delhi Capitals,194,182,4,9
336021,Kolkata Knight Riders,Mumbai Indians,68.0,Mumbai Indians,67,68,10,2
336022,Delhi Capitals,Punjab Kings,89.0,Punjab Kings,118,94,4,3
336023,Rajasthan Royals,Royal Challengers Bengaluru,198.0,Rajasthan Royals,197,132,1,9
336024,Mumbai Indians,Sunrisers Hyderabad,179.0,Mumbai Indians,178,153,7,7
336025,Kolkata Knight Riders,Chennai Super Kings,53.0,Chennai Super Kings,149,55,5,0
336026,Royal Challengers Bengaluru,Delhi Capitals,155.0,Delhi Capitals,154,158,7,5
336027,Kolkata Knight Riders,Rajasthan Royals,148.0,Rajasthan Royals,147,150,8,4
336028,Punjab Kings,Mumbai Indians,190.0,Punjab Kings,189,188,4,10
336029,Royal Challengers Bengaluru,Chennai Super Kings,127.0,Royal Challengers Bengaluru,126,112,8,8
336031,Sunrisers Hyderabad,Punjab Kings,176.0,Punjab Kings,175,178,4,4
336032,Mumbai Indians,Delhi Capitals,177.0,Delhi Capitals,176,179,8,5
336033,Rajasthan Royals,Chennai Super Kings,212.0,Rajasthan Royals,211,201,5,7
336034,Royal Challengers Bengaluru,Sunrisers Hyderabad,157.0,Royal Challengers Bengaluru,156,153,8,6
336035,Punjab Kings,Kolkata Knight Riders,175.0,Kolkata Knight Riders,174,175,6,7
336036,Mumbai Indians,Rajasthan Royals,146.0,Rajasthan Royals,145,146,7,5
336037,Sunrisers Hyderabad,Chennai Super Kings,148.0,Chennai Super Kings,147,148,8,3
336038,Rajasthan Royals,Delhi Capitals,193.0,Rajasthan Royals,192,87,9,10
336039,Punjab Kings,Chennai Super Kings,113.0,Chennai Super Kings,112,116,8,1
336040,Chennai Super Kings,Rajasthan Royals,164.0,Rajasthan Royals,163,164,5,7
392181,Mumbai Indians,Chennai Super Kings,166.0,Mumbai Indians,165,146,7,7
392182,Royal Challengers Bengaluru,Rajasthan Royals,134.0,Royal Challengers Bengaluru,133,58,8,10
392183,Punjab Kings,Delhi Capitals,54.0,Delhi Capitals,104,58,7,0
392184,Kolkata Knight Riders,Sunrisers Hyderabad,102.0,Sunrisers Hyderabad,101,104,10,2
392185,Chennai Super Kings,Royal Challengers Bengaluru,180.0,Chennai Super Kings,179,87,5,10
392186,Punjab Kings,Kolkata Knight Riders,69.0,Kolkata Knight Riders,158,79,6,1
392188,Sunrisers Hyderabad,Royal Challengers Bengaluru,185.0,Sunrisers Hyderabad,184,160,6,8
392189,Delhi Capitals,Chennai Super Kings,190.0,Delhi Capitals,189,180,5,9
392190,Rajasthan Royals,Kolkata Knight Riders,151.0,Unknown,150,150,6,8
392191,Royal Challengers Bengaluru,Punjab Kings,169.0,Punjab Kings,168,173,9,3
392192,Sunrisers Hyderabad,Mumbai Indians,169.0,Sunrisers Hyderabad,168,156,9,7
392194,Royal Challengers Bengaluru,Delhi Capitals,150.0,Delhi Capitals,149,150,7,4
392195,Punjab Kings,Rajasthan Royals,140.0,Punjab Kings,139,112,6,7
392196,Chennai Super Kings,Sunrisers Hyderabad,166.0,Sunrisers Hyderabad,165,169,6,4
392197,Mumbai Indians,Kolkata Knight Riders,188.0,Mumbai Indians,187,95,6,9
392198,Delhi Capitals,Rajasthan Royals,144.0,Rajasthan Royals,143,147,7,5
392199,Kolkata Knight Riders,Royal Challengers Bengaluru,140.0,Royal Challengers Bengaluru,139,143,6,5
392200,Punjab Kings,Mumbai Indians,120.0,Punjab Kings,119,116,8,7
392201,Sunrisers Hyderabad,Delhi Capitals,149.0,Delhi Capitals,148,150,9,4
392202,Chennai Super Kings,Rajasthan Royals,165.0,Chennai Super Kings,164,126,5,9
392203,Mumbai Indians,Kolkata Knight Riders,149.0,Mumbai Indians,148,139,6,6
392204,Royal Challengers Bengaluru,Punjab Kings,146.0,Royal Challengers Bengaluru,145,137,9,7
392205,Sunrisers Hyderabad,Rajasthan Royals,142.0,Rajasthan Royals,141,142,5,7
392206,Chennai Super Kings,Delhi Capitals,164.0,Chennai Super Kings,163,145,10,8
392207,Kolkata Knight Riders,Punjab Kings,154.0,Punjab Kings,153,154,3,4
392208,Mumbai Indians,Royal Challengers Bengaluru,150.0,Royal Challengers Bengaluru,149,150,4,1
392209,Chennai Super Kings,Sunrisers Hyderabad,179.0,Chennai Super Kings,178,100,3,10
392210,Rajasthan Royals,Punjab Kings,212.0,Rajasthan Royals,211,133,4,8
392211,Kolkata Knight Riders,Delhi Capitals,155.0,Delhi Capitals,154,157,3,1
392212,Sunrisers Hyderabad,Mumbai Indians,146.0,Sunrisers Hyderabad,145,126,6,8
392213,Royal Challengers Bengaluru,Rajasthan Royals,106.0,Rajasthan Royals,105,107,10,3
392214,Chennai Super Kings,Punjab Kings,187.0,Chennai Super Kings,185,174,3,3
392215,Mumbai Indians,Delhi Capitals,117.0,Delhi Capitals,116,118,10,3
392216,Sunrisers Hyderabad,Punjab Kings,169.0,Punjab Kings,168,169,5,7
392217,Rajasthan Royals,Chennai Super Kings,141.0,Chennai Super Kings,140,141,7,3
392218,Mumbai Indians,Royal Challengers Bengaluru,158.0,Mumbai Indians,157,141,2,7
392219,Kolkata Knight Riders,Delhi Capitals,124.0,Delhi Capitals,123,125,8,3
392220,Sunrisers Hyderabad,Rajasthan Royals,167.0,Sunrisers Hyderabad,166,113,7,10
392221,Kolkata Knight Riders,Royal Challengers Bengaluru,174.0,Royal Challengers Bengaluru,173,176,4,4
392222,Punjab Kings,Mumbai Indians,120.0,Mumbai Indians,119,122,9,2
392223,Delhi Capitals,Sunrisers Hyderabad,174.0,Delhi Capitals,173,161,7,10
392224,Chennai Super Kings,Royal Challengers Bengaluru,130.0,Royal Challengers Bengaluru,129,132,10,8
392225,Rajasthan Royals,Mumbai Indians,146.0,Rajasthan Royals,145,143,7,10
392226,Delhi Capitals,Punjab Kings,121.0,Punjab Kings,120,123,9,4
392227,Mumbai Indians,Chennai Super Kings,148.0,Chennai Super Kings,147,151,5,3
392228,Kolkata Knight Riders,Sunrisers Hyderabad,161.0,Sunrisers Hyderabad,160,166,5,4
392229,Punjab Kings,Sunrisers Hyderabad,135.0,Punjab Kings,134,133,7,8
392230,Delhi Capitals,Rajasthan Royals,151.0,Delhi Capitals,150,136,3,9
392231,Chennai Super Kings,Kolkata Knight Riders,189.0,Kolkata Knight Riders,188,189,3,3
392232,Delhi Capitals,Royal Challengers Bengaluru,135.0,Royal Challengers Bengaluru,134,135,7,3
392233,Rajasthan Royals,Kolkata Knight Riders,102.0,Kolkata Knight Riders,101,102,9,6
392234,Chennai Super Kings,Punjab Kings,117.0,Chennai Super Kings,116,92,9,8
392235,Mumbai Indians,Delhi Capitals,166.0,Delhi Capitals,165,166,8,6
392236,Royal Challengers Bengaluru,Sunrisers Hyderabad,171.0,Royal Challengers Bengaluru,170,158,4,6
392237,Delhi Capitals,Sunrisers Hyderabad,154.0,Sunrisers Hyderabad,153,154,8,4
392238,Chennai Super Kings,Royal Challengers Bengaluru,147.0,Royal Challengers Bengaluru,146,149,5,4
392239,Sunrisers Hyderabad,Royal Challengers Bengaluru,144.0,Sunrisers Hyderabad,143,137,6,9
419106,Kolkata Knight Riders,Sunrisers Hyderabad,162.0,Kolkata Knight Riders,161,150,4,7
419107,Mumbai Indians,Rajasthan Royals,213.0,Mumbai Indians,212,208,6,7
419108,Punjab Kings,Delhi Capitals,143.0,Delhi Capitals,142,146,9,5
419109,Royal Challengers Bengaluru,Kolkata Knight Riders,136.0,Kolkata Knight Riders,135,136,7,3
419110,Sunrisers Hyderabad,Chennai Super Kings,191.0,Sunrisers Hyderabad,190,159,4,9
419111,Rajasthan Royals,Delhi Capitals,142.0,Delhi Capitals,141,142,6,4
419112,Punjab Kings,Royal Challengers Bengaluru,204.0,Royal Challengers Bengaluru,203,204,3,2
419113,Chennai Super Kings,Kolkata Knight Riders,165.0,Chennai Super Kings,164,109,3,10
419114,Mumbai Indians,Delhi Capitals,219.0,Mumbai Indians,218,120,7,9
419115,Rajasthan Royals,Royal Challengers Bengaluru,93.0,Royal Challengers Bengaluru,92,93,10,0
419116,Delhi Capitals,Chennai Super Kings,186.0,Chennai Super Kings,185,190,6,5
419117,Sunrisers Hyderabad,Punjab Kings,171.0,Sunrisers Hyderabad,170,164,7,8
419118,Rajasthan Royals,Kolkata Knight Riders,169.0,Rajasthan Royals,168,134,7,5
419119,Mumbai Indians,Royal Challengers Bengaluru,152.0,Royal Challengers Bengaluru,151,155,9,3
419120,Sunrisers Hyderabad,Delhi Capitals,172.0,Sunrisers Hyderabad,171,161,6,9
419121,Punjab Kings,Chennai Super Kings,137.0,Unknown,136,136,8,7
419122,Kolkata Knight Riders,Mumbai Indians,156.0,Mumbai Indians,155,156,3,3
419123,Royal Challengers Bengaluru,Chennai Super Kings,172.0,Royal Challengers Bengaluru,171,135,5,7
419124,Rajasthan Royals,Punjab Kings,184.0,Rajasthan Royals,183,152,5,10
419125,Chennai Super Kings,Mumbai Indians,181.0,Mumbai Indians,180,181,2,5
419126,Sunrisers Hyderabad,Rajasthan Royals,149.0,Rajasthan Royals,148,151,9,2
419127,Kolkata Knight Riders,Punjab Kings,184.0,Kolkata Knight Riders,183,144,5,6
419128,Delhi Capitals,Royal Challengers Bengaluru,184.0,Delhi Capitals,183,166,4,9
419129,Rajasthan Royals,Chennai Super Kings,178.0,Rajasthan Royals,177,160,8,6
419130,Mumbai Indians,Sunrisers Hyderabad,173.0,Mumbai Indians,172,131,7,10
419131,Delhi Capitals,Kolkata Knight Riders,178.0,Delhi Capitals,177,137,4,9
419132,Punjab Kings,Mumbai Indians,164.0,Mumbai Indians,163,164,10,6
419133,Royal Challengers Bengaluru,Chennai Super Kings,162.0,Chennai Super Kings,161,162,4,5
419134,Delhi Capitals,Rajasthan Royals,189.0,Delhi Capitals,188,121,6,10
419135,Kolkata Knight Riders,Sunrisers Hyderabad,182.0,Kolkata Knight Riders,181,157,6,5
419136,Punjab Kings,Royal Challengers Bengaluru,182.0,Royal Challengers Bengaluru,181,184,5,4
419137,Chennai Super Kings,Rajasthan Royals,247.0,Chennai Super Kings,246,223,5,5
419138,Mumbai Indians,Sunrisers Hyderabad,179.0,Mumbai Indians,178,115,5,10
419139,Kolkata Knight Riders,Punjab Kings,201.0,Punjab Kings,200,204,3,2
419140,Delhi Capitals,Royal Challengers Bengaluru,185.0,Delhi Capitals,184,147,5,9
419141,Rajasthan Royals,Sunrisers Hyderabad,160.0,Rajasthan Royals,159,157,10,10
419142,Chennai Super Kings,Mumbai Indians,166.0,Chennai Super Kings,165,141,4,9
419143,Punjab Kings,Rajasthan Royals,154.0,Rajasthan Royals,153,157,6,1
419144,Kolkata Knight Riders,Delhi Capitals,182.0,Kolkata Knight Riders,181,167,3,8
419145,Royal Challengers Bengaluru,Sunrisers Hyderabad,185.0,Sunrisers Hyderabad,184,186,6,3
419146,Mumbai Indians,Punjab Kings,155.0,Punjab Kings,154,158,9,4
419147,Chennai Super Kings,Sunrisers Hyderabad,139.0,Sunrisers Hyderabad,138,139,8,4
419148,Kolkata Knight Riders,Royal Challengers Bengaluru,161.0,Royal Challengers Bengaluru,160,162,9,3
419149,Delhi Capitals,Punjab Kings,112.0,Punjab Kings,111,112,10,3
419150,Mumbai Indians,Rajasthan Royals,175.0,Mumbai Indians,174,137,5,8
419151,Sunrisers Hyderabad,Royal Challengers Bengaluru,152.0,Sunrisers Hyderabad,151,138,6,10
419152,Mumbai Indians,Delhi Capitals,184.0,Mumbai Indians,183,144,4,7
419153,Kolkata Knight Riders,Chennai Super Kings,140.0,Chennai Super Kings,139,143,8,1
419154,Rajasthan Royals,Royal Challengers Bengaluru,131.0,Royal Challengers Bengaluru,130,132,6,5
419155,Chennai Super Kings,Delhi Capitals,113.0,Delhi Capitals,112,113,9,4
419156,Punjab Kings,Sunrisers Hyderabad,175.0,Sunrisers Hyderabad,174,178,3,5
419157,Mumbai Indians,Royal Challengers Bengaluru,192.0,Mumbai Indians,191,134,4,9
419158,Rajasthan Royals,Kolkata Knight Riders,133.0,Kolkata Knight Riders,132,133,9,2
419159,Punjab Kings,Chennai Super Kings,193.0,Chennai Super Kings,192,195,3,4
419160,Sunrisers Hyderabad,Delhi Capitals,146.0,Sunrisers Hyderabad,145,134,7,7
419161,Mumbai Indians,Kolkata Knight Riders,134.0,Kolkata Knight Riders,133,135,8,1
419162,Mumbai Indians,Royal Challengers Bengaluru,185.0,Mumbai Indians,184,149,5,9
419163,Chennai Super Kings,Sunrisers Hyderabad,143.0,Chennai Super Kings,142,104,7,10
419164,Sunrisers Hyderabad,Royal Challengers Bengaluru,83.0,Royal Challengers Bengaluru,82,86,10,1
419165,Chennai Super Kings,Mumbai Indians,169.0,Chennai Super Kings,168,146,5,9
501198,Chennai Super Kings,Kolkata Knight Riders,154.0,Chennai Super Kings,153,151,4,7
501199,Sunrisers Hyderabad,Rajasthan Royals,138.0,Rajasthan Royals,137,141,8,2
501200,Kochi Tuskers Kerala,Royal Challengers Bengaluru,162.0,Royal Challengers Bengaluru,161,162,5,4
501201,Delhi Capitals,Mumbai Indians,96.0,Mumbai Indians,95,99,10,2
501202,Punjab Kings,Pune Warriors India,113.0,Pune Warriors India,112,113,8,3
501203,Kolkata Knight Riders,Sunrisers Hyderabad,164.0,Kolkata Knight Riders,163,154,4,8
501204,Delhi Capitals,Rajasthan Royals,152.0,Rajasthan Royals,151,152,6,4
501205,Royal Challengers Bengaluru,Mumbai Indians,141.0,Mumbai Indians,140,143,4,1
501206,Chennai Super Kings,Punjab Kings,189.0,Punjab Kings,188,193,4,4
501207,Kochi Tuskers Kerala,Pune Warriors India,149.0,Pune Warriors India,148,151,8,6
501208,Sunrisers Hyderabad,Royal Challengers Bengaluru,176.0,Sunrisers Hyderabad,175,142,5,9
501209,Rajasthan Royals,Kolkata Knight Riders,160.0,Kolkata Knight Riders,159,160,4,1
501210,Mumbai Indians,Kochi Tuskers Kerala,183.0,Kochi Tuskers Kerala,182,184,2,2
501211,Chennai Super Kings,Royal Challengers Bengaluru,184.0,Chennai Super Kings,183,162,5,7
501212,Sunrisers Hyderabad,Punjab Kings,166.0,Punjab Kings,165,166,8,2
501213,Pune Warriors India,Delhi Capitals,188.0,Delhi Capitals,187,190,5,7
501214,Rajasthan Royals,Kolkata Knight Riders,82.0,Kolkata Knight Riders,81,85,10,2
501215,Chennai Super Kings,Kochi Tuskers Kerala,135.0,Kochi Tuskers Kerala,131,135,4,3
501216,Sunrisers Hyderabad,Delhi Capitals,169.0,Sunrisers Hyderabad,168,152,4,7
501218,Pune Warriors India,Mumbai Indians,119.0,Mumbai Indians,118,124,10,3
501219,Kochi Tuskers Kerala,Kolkata Knight Riders,133.0,Kochi Tuskers Kerala,132,126,7,9
501220,Punjab Kings,Rajasthan Royals,196.0,Punjab Kings,195,147,7,7
501221,Mumbai Indians,Chennai Super Kings,165.0,Mumbai Indians,164,156,4,9
501222,Kolkata Knight Riders,Royal Challengers Bengaluru,172.0,Royal Challengers Bengaluru,171,175,5,1
501223,Delhi Capitals,Punjab Kings,232.0,Delhi Capitals,231,202,4,6
501224,Mumbai Indians,Sunrisers Hyderabad,173.0,Mumbai Indians,172,135,4,8
501225,Kochi Tuskers Kerala,Rajasthan Royals,110.0,Rajasthan Royals,109,111,10,2
501226,Chennai Super Kings,Pune Warriors India,143.0,Chennai Super Kings,142,117,6,9
501227,Delhi Capitals,Royal Challengers Bengaluru,161.0,Royal Challengers Bengaluru,160,161,6,7
501228,Pune Warriors India,Chennai Super Kings,142.0,Chennai Super Kings,141,145,6,2
501229,Sunrisers Hyderabad,Kochi Tuskers Kerala,130.0,Sunrisers Hyderabad,129,74,7,10
501230,Kolkata Knight Riders,Delhi Capitals,149.0,Kolkata Knight Riders,148,131,7,9
501231,Mumbai Indians,Rajasthan Royals,95.0,Rajasthan Royals,94,95,8,3
501232,Royal Challengers Bengaluru,Pune Warriors India,182.0,Royal Challengers Bengaluru,181,155,5,5
501233,Delhi Capitals,Kochi Tuskers Kerala,158.0,Delhi Capitals,157,119,7,10
501234,Punjab Kings,Kolkata Knight Riders,120.0,Kolkata Knight Riders,119,120,6,2
501235,Pune Warriors India,Rajasthan Royals,144.0,Rajasthan Royals,143,144,7,4
501236,Chennai Super Kings,Sunrisers Hyderabad,166.0,Chennai Super Kings,165,146,5,8
501237,Mumbai Indians,Punjab Kings,160.0,Mumbai Indians,159,136,5,8
501238,Delhi Capitals,Kochi Tuskers Kerala,141.0,Kochi Tuskers Kerala,140,141,6,3
501239,Kolkata Knight Riders,Sunrisers Hyderabad,170.0,Kolkata Knight Riders,169,149,4,6
501240,Rajasthan Royals,Chennai Super Kings,148.0,Chennai Super Kings,147,149,6,2
501241,Mumbai Indians,Pune Warriors India,161.0,Mumbai Indians,160,139,7,7
501242,Kochi Tuskers Kerala,Kolkata Knight Riders,157.0,Kochi Tuskers Kerala,156,139,5,7
501243,Sunrisers Hyderabad,Delhi Capitals,176.0,Delhi Capitals,175,179,5,6
501244,Royal Challengers Bengaluru,Punjab Kings,206.0,Royal Challengers Bengaluru,205,120,6,9
501245,Chennai Super Kings,Kolkata Knight Riders,52.0,Kolkata Knight Riders,114,61,4,2
501246,Mumbai Indians,Delhi Capitals,179.0,Mumbai Indians,178,146,4,10
501247,Kochi Tuskers Kerala,Royal Challengers Bengaluru,126.0,Royal Challengers Bengaluru,125,128,9,1
501248,Punjab Kings,Pune Warriors India,120.0,Pune Warriors India,119,120,8,5
501249,Chennai Super Kings,Rajasthan Royals,197.0,Chennai Super Kings,196,133,3,10
501250,Sunrisers Hyderabad,Pune Warriors India,137.0,Pune Warriors India,136,137,8,4
501251,Punjab Kings,Mumbai Indians,164.0,Punjab Kings,163,87,8,10
501252,Rajasthan Royals,Royal Challengers Bengaluru,147.0,Royal Challengers Bengaluru,146,151,6,1
501253,Chennai Super Kings,Delhi Capitals,177.0,Chennai Super Kings,176,158,4,6
501254,Kochi Tuskers Kerala,Punjab Kings,179.0,Punjab Kings,178,181,7,4
501255,Kolkata Knight Riders,Royal Challengers Bengaluru,102.0,Royal Challengers Bengaluru,89,105,4,6
501256,Sunrisers Hyderabad,Mumbai Indians,136.0,Sunrisers Hyderabad,135,125,6,8
501257,Punjab Kings,Delhi Capitals,171.0,Punjab Kings,170,141,6,8
501258,Rajasthan Royals,Kochi Tuskers Kerala,98.0,Kochi Tuskers Kerala,97,98,10,2
501259,Pune Warriors India,Sunrisers Hyderabad,137.0,Sunrisers Hyderabad,136,138,9,4
501260,Punjab Kings,Royal Challengers Bengaluru,233.0,Punjab Kings,232,121,2,10
501261,Chennai Super Kings,Kochi Tuskers Kerala,153.0,Chennai Super Kings,152,141,5,5
501262,Pune Warriors India,Kolkata Knight Riders,119.0,Kolkata Knight Riders,118,119,7,3
501263,Mumbai Indians,Rajasthan Royals,134.0,Rajasthan Royals,133,134,5,0
501264,Sunrisers Hyderabad,Punjab Kings,199.0,Sunrisers Hyderabad,198,116,2,10
501266,Chennai Super Kings,Royal Challengers Bengaluru,129.0,Royal Challengers Bengaluru,128,129,8,2
501267,Kolkata Knight Riders,Mumbai Indians,176.0,Mumbai Indians,175,178,7,5
501268,Royal Challengers Bengaluru,Chennai Super Kings,176.0,Chennai Super Kings,175,177,4,4
501269,Kolkata Knight Riders,Mumbai Indians,148.0,Mumbai Indians,147,148,7,6
501270,Royal Challengers Bengaluru,Mumbai Indians,186.0,Royal Challengers Bengaluru,185,142,4,8
501271,Chennai Super Kings,Royal Challengers Bengaluru,206.0,Chennai Super Kings,205,147,5,8
548306,Chennai Super Kings,Mumbai Indians,113.0,Mumbai Indians,112,115,10,2
548307,Kolkata Knight Riders,Delhi Capitals,98.0,Delhi Capitals,97,100,9,2
548308,Pune Warriors India,Mumbai Indians,130.0,Pune Warriors India,129,101,9,9
548309,Rajasthan Royals,Punjab Kings,192.0,Rajasthan Royals,191,160,4,9
548310,Royal Challengers Bengaluru,Delhi Capitals,158.0,Royal Challengers Bengaluru,157,137,8,7
548311,Chennai Super Kings,Sunrisers Hyderabad,194.0,Chennai Super Kings,193,119,6,10
548312,Rajasthan Royals,Kolkata Knight Riders,165.0,Rajasthan Royals,164,142,5,10
548313,Pune Warriors India,Punjab Kings,167.0,Pune Warriors India,166,144,6,8
548314,Sunrisers Hyderabad,Mumbai Indians,139.0,Mumbai Indians,138,142,9,5
548315,Kolkata Knight Riders,Royal Challengers Bengaluru,166.0,Kolkata Knight Riders,165,123,8,9
548316,Chennai Super Kings,Delhi Capitals,111.0,Delhi Capitals,110,111,8,2
548317,Mumbai Indians,Rajasthan Royals,198.0,Mumbai Indians,197,170,6,10
548318,Royal Challengers Bengaluru,Chennai Super Kings,206.0,Chennai Super Kings,205,208,8,5
548319,Pune Warriors India,Punjab Kings,116.0,Punjab Kings,115,116,10,3
548320,Rajasthan Royals,Kolkata Knight Riders,132.0,Kolkata Knight Riders,131,137,5,5
548321,Sunrisers Hyderabad,Delhi Capitals,158.0,Delhi Capitals,157,162,8,5
548322,Chennai Super Kings,Pune Warriors India,156.0,Pune Warriors India,155,156,5,3
548323,Punjab Kings,Kolkata Knight Riders,135.0,Punjab Kings,134,132,9,7
548324,Rajasthan Royals,Royal Challengers Bengaluru,196.0,Rajasthan Royals,195,136,2,10
548325,Mumbai Indians,Delhi Capitals,93.0,Delhi Capitals,92,93,10,3
548326,Sunrisers Hyderabad,Rajasthan Royals,197.0,Rajasthan Royals,196,197,2,5
548327,Pune Warriors India,Royal Challengers Bengaluru,183.0,Royal Challengers Bengaluru,182,186,6,4
548328,Punjab Kings,Kolkata Knight Riders,125.0,Kolkata Knight Riders,124,127,7,2
548329,Sunrisers Hyderabad,Delhi Capitals,188.0,Delhi Capitals,187,193,4,1
548330,Chennai Super Kings,Pune Warriors India,165.0,Chennai Super Kings,164,151,5,7
548331,Punjab Kings,Royal Challengers Bengaluru,164.0,Royal Challengers Bengaluru,163,166,6,5
548332,Rajasthan Royals,Chennai Super Kings,147.0,Chennai Super Kings,146,147,4,3
548333,Pune Warriors India,Delhi Capitals,193.0,Pune Warriors India,192,172,3,7
548334,Mumbai Indians,Punjab Kings,164.0,Punjab Kings,163,164,6,4
548335,Sunrisers Hyderabad,Kolkata Knight Riders,127.0,Kolkata Knight Riders,126,127,7,5
548336,Royal Challengers Bengaluru,Rajasthan Royals,190.0,Royal Challengers Bengaluru,189,143,3,7
548337,Pune Warriors India,Delhi Capitals,147.0,Delhi Capitals,146,148,2,2
548339,Punjab Kings,Mumbai Indians,169.0,Mumbai Indians,168,171,3,6
548341,Sunrisers Hyderabad,Pune Warriors India,178.0,Sunrisers Hyderabad,177,159,4,7
548342,Delhi Capitals,Mumbai Indians,208.0,Delhi Capitals,207,170,5,9
548343,Punjab Kings,Chennai Super Kings,157.0,Punjab Kings,156,149,8,8
548344,Kolkata Knight Riders,Royal Challengers Bengaluru,191.0,Kolkata Knight Riders,190,143,4,6
548345,Delhi Capitals,Rajasthan Royals,153.0,Delhi Capitals,152,151,6,3
548346,Sunrisers Hyderabad,Mumbai Indians,101.0,Mumbai Indians,100,101,10,5
548347,Chennai Super Kings,Kolkata Knight Riders,140.0,Kolkata Knight Riders,139,140,5,5
548348,Sunrisers Hyderabad,Pune Warriors India,187.0,Sunrisers Hyderabad,186,173,4,5
548349,Rajasthan Royals,Delhi Capitals,142.0,Delhi Capitals,141,144,6,4
548350,Royal Challengers Bengaluru,Punjab Kings,159.0,Punjab Kings,158,163,5,6
548351,Mumbai Indians,Pune Warriors India,121.0,Mumbai Indians,120,119,9,6
548352,Chennai Super Kings,Sunrisers Hyderabad,161.0,Chennai Super Kings,160,150,6,5
548353,Kolkata Knight Riders,Pune Warriors India,151.0,Kolkata Knight Riders,150,143,5,8
548354,Rajasthan Royals,Punjab Kings,178.0,Rajasthan Royals,177,134,6,8
548355,Chennai Super Kings,Mumbai Indians,174.0,Mumbai Indians,173,174,8,8
548356,Sunrisers Hyderabad,Royal Challengers Bengaluru,182.0,Royal Challengers Bengaluru,181,185,2,5
548357,Delhi Capitals,Kolkata Knight Riders,154.0,Kolkata Knight Riders,153,154,9,4
548358,Pune Warriors India,Rajasthan Royals,126.0,Rajasthan Royals,125,126,6,3
548359,Punjab Kings,Sunrisers Hyderabad,171.0,Punjab Kings,170,145,5,8
548360,Mumbai Indians,Royal Challengers Bengaluru,142.0,Royal Challengers Bengaluru,141,142,6,1
548361,Rajasthan Royals,Chennai Super Kings,127.0,Chennai Super Kings,126,127,6,6
548362,Royal Challengers Bengaluru,Pune Warriors India,174.0,Royal Challengers Bengaluru,173,138,3,9
548363,Mumbai Indians,Kolkata Knight Riders,183.0,Mumbai Indians,182,155,1,4
548364,Delhi Capitals,Chennai Super Kings,115.0,Chennai Super Kings,114,115,5,1
548365,Rajasthan Royals,Pune Warriors India,171.0,Rajasthan Royals,170,125,4,9
548366,Sunrisers Hyderabad,Punjab Kings,191.0,Punjab Kings,190,194,4,6
548367,Royal Challengers Bengaluru,Mumbai Indians,172.0,Mumbai Indians,171,173,6,5
548368,Kolkata Knight Riders,Chennai Super Kings,159.0,Chennai Super Kings,158,160,6,5
548369,Punjab Kings,Delhi Capitals,137.0,Delhi Capitals,136,140,8,5
548370,Kolkata Knight Riders,Mumbai Indians,141.0,Kolkata Knight Riders,140,108,7,10
548371,Chennai Super Kings,Punjab Kings,121.0,Punjab Kings,120,123,7,4
548372,Royal Challengers Bengaluru,Delhi Capitals,216.0,Royal Challengers Bengaluru,215,194,1,9
548373,Rajasthan Royals,Sunrisers Hyderabad,127.0,Sunrisers Hyderabad,126,128,8,5
548374,Punjab Kings,Delhi Capitals,142.0,Delhi Capitals,141,145,8,4
548375,Kolkata Knight Riders,Pune Warriors India,137.0,Kolkata Knight Riders,136,102,4,8
548376,Sunrisers Hyderabad,Royal Challengers Bengaluru,133.0,Sunrisers Hyderabad,132,123,7,9
548377,Rajasthan Royals,Mumbai Indians,163.0,Mumbai Indians,162,163,6,0
548378,Kolkata Knight Riders,Delhi Capitals,163.0,Kolkata Knight Riders,162,144,4,8
548379,Chennai Super Kings,Mumbai Indians,188.0,Chennai Super Kings,187,149,5,9
548380,Chennai Super Kings,Delhi Capitals,223.0,Chennai Super Kings,222,136,5,10
548381,Chennai Super Kings,Kolkata Knight Riders,191.0,Kolkata Knight Riders,190,192,3,5
597998,Delhi Capitals,Kolkata Knight Riders,129.0,Kolkata Knight Riders,128,129,10,4
597999,Royal Challengers Bengaluru,Mumbai Indians,157.0,Royal Challengers Bengaluru,156,154,5,5
598000,Sunrisers Hyderabad,Pune Warriors India,127.0,Sunrisers Hyderabad,126,104,6,10
598001,Rajasthan Royals,Delhi Capitals,166.0,Rajasthan Royals,165,160,7,6
598002,Mumbai Indians,Chennai Super Kings,149.0,Mumbai Indians,148,139,6,9
598003,Pune Warriors India,Punjab Kings,100.0,Punjab Kings,99,100,9,2
598004,Royal Challengers Bengaluru,Sunrisers Hyderabad,131.0,Unknown,130,130,8,7
598005,Rajasthan Royals,Kolkata Knight Riders,145.0,Rajasthan Royals,144,125,6,10
598006,Mumbai Indians,Delhi Capitals,210.0,Mumbai Indians,209,165,5,9
598007,Punjab Kings,Chennai Super Kings,139.0,Chennai Super Kings,138,139,10,0
598008,Kolkata Knight Riders,Royal Challengers Bengaluru,155.0,Royal Challengers Bengaluru,154,158,8,2
598009,Rajasthan Royals,Pune Warriors India,146.0,Pune Warriors India,145,148,5,3
598010,Delhi Capitals,Sunrisers Hyderabad,115.0,Sunrisers Hyderabad,114,115,8,7
598011,Mumbai Indians,Pune Warriors India,184.0,Mumbai Indians,183,142,3,8
598012,Royal Challengers Bengaluru,Chennai Super Kings,166.0,Chennai Super Kings,165,166,6,6
598013,Kolkata Knight Riders,Sunrisers Hyderabad,181.0,Kolkata Knight Riders,180,132,4,7
598014,Punjab Kings,Rajasthan Royals,125.0,Rajasthan Royals,124,126,10,4
598015,Pune Warriors India,Chennai Super Kings,160.0,Pune Warriors India,159,135,5,8
598016,Punjab Kings,Kolkata Knight Riders,158.0,Punjab Kings,157,153,9,9
598017,Delhi Capitals,Royal Challengers Bengaluru,153.0,Unknown,152,152,5,7
598018,Sunrisers Hyderabad,Pune Warriors India,120.0,Sunrisers Hyderabad,119,108,8,10
598019,Rajasthan Royals,Mumbai Indians,180.0,Rajasthan Royals,179,92,3,10
598020,Chennai Super Kings,Delhi Capitals,170.0,Chennai Super Kings,169,83,4,10
598021,Punjab Kings,Sunrisers Hyderabad,124.0,Sunrisers Hyderabad,123,127,9,5
598022,Kolkata Knight Riders,Chennai Super Kings,120.0,Chennai Super Kings,119,124,9,6
598023,Rajasthan Royals,Royal Challengers Bengaluru,118.0,Royal Challengers Bengaluru,117,123,10,3
598024,Mumbai Indians,Delhi Capitals,162.0,Delhi Capitals,161,165,4,1
598025,Pune Warriors India,Punjab Kings,186.0,Punjab Kings,185,186,4,3
598026,Rajasthan Royals,Chennai Super Kings,186.0,Chennai Super Kings,185,186,4,5
598027,Royal Challengers Bengaluru,Pune Warriors India,264.0,Royal Challengers Bengaluru,263,133,5,9
598028,Punjab Kings,Delhi Capitals,172.0,Punjab Kings,171,164,4,7
598029,Kolkata Knight Riders,Mumbai Indians,160.0,Mumbai Indians,159,162,6,5
598030,Sunrisers Hyderabad,Chennai Super Kings,160.0,Chennai Super Kings,159,160,6,5
598031,Punjab Kings,Kolkata Knight Riders,150.0,Kolkata Knight Riders,149,150,6,4
598032,Sunrisers Hyderabad,Rajasthan Royals,145.0,Rajasthan Royals,144,146,9,2
598033,Mumbai Indians,Royal Challengers Bengaluru,195.0,Mumbai Indians,194,136,7,7
598034,Chennai Super Kings,Kolkata Knight Riders,201.0,Chennai Super Kings,200,186,3,4
598035,Delhi Capitals,Pune Warriors India,165.0,Delhi Capitals,164,149,5,4
598036,Royal Challengers Bengaluru,Rajasthan Royals,172.0,Rajasthan Royals,171,173,6,6
598037,Mumbai Indians,Punjab Kings,175.0,Mumbai Indians,174,170,3,10
598038,Chennai Super Kings,Pune Warriors India,165.0,Chennai Super Kings,164,127,3,9
598039,Mumbai Indians,Sunrisers Hyderabad,130.0,Sunrisers Hyderabad,129,130,4,3
598040,Kolkata Knight Riders,Delhi Capitals,137.0,Delhi Capitals,136,137,7,3
598041,Chennai Super Kings,Punjab Kings,187.0,Chennai Super Kings,186,171,4,6
598042,Royal Challengers Bengaluru,Pune Warriors India,188.0,Royal Challengers Bengaluru,187,170,3,9
598043,Rajasthan Royals,Kolkata Knight Riders,133.0,Kolkata Knight Riders,132,133,6,2
598044,Delhi Capitals,Sunrisers Hyderabad,81.0,Sunrisers Hyderabad,80,81,10,4
598045,Royal Challengers Bengaluru,Punjab Kings,175.0,Punjab Kings,174,176,5,3
598046,Mumbai Indians,Chennai Super Kings,140.0,Mumbai Indians,139,79,5,10
598047,Pune Warriors India,Rajasthan Royals,179.0,Rajasthan Royals,178,182,4,5
598048,Sunrisers Hyderabad,Royal Challengers Bengaluru,162.0,Royal Challengers Bengaluru,161,162,6,3
598049,Delhi Capitals,Rajasthan Royals,155.0,Rajasthan Royals,154,155,4,1
598050,Mumbai Indians,Kolkata Knight Riders,171.0,Mumbai Indians,170,105,6,10
598051,Chennai Super Kings,Sunrisers Hyderabad,224.0,Chennai Super Kings,223,146,3,8
598052,Punjab Kings,Rajasthan Royals,146.0,Rajasthan Royals,145,147,6,2
598053,Kolkata Knight Riders,Pune Warriors India,153.0,Kolkata Knight Riders,152,106,6,10
598054,Royal Challengers Bengaluru,Delhi Capitals,184.0,Royal Challengers Bengaluru,183,179,4,7
598055,Pune Warriors India,Mumbai Indians,113.0,Mumbai Indians,112,116,8,5
598056,Sunrisers Hyderabad,Punjab Kings,151.0,Sunrisers Hyderabad,150,120,7,9
598057,Royal Challengers Bengaluru,Kolkata Knight Riders,116.0,Kolkata Knight Riders,115,116,9,5
598058,Chennai Super Kings,Rajasthan Royals,142.0,Rajasthan Royals,141,144,4,5
598059,Delhi Capitals,Punjab Kings,121.0,Punjab Kings,120,121,7,5
598060,Sunrisers Hyderabad,Mumbai Indians,179.0,Mumbai Indians,178,184,3,3
598061,Pune Warriors India,Kolkata Knight Riders,171.0,Pune Warriors India,170,163,4,7
598062,Chennai Super Kings,Delhi Capitals,169.0,Chennai Super Kings,168,135,4,9
598063,Mumbai Indians,Rajasthan Royals,167.0,Mumbai Indians,166,152,8,7
598064,Royal Challengers Bengaluru,Punjab Kings,191.0,Punjab Kings,190,194,3,4
598065,Sunrisers Hyderabad,Rajasthan Royals,137.0,Sunrisers Hyderabad,136,113,9,9
598066,Punjab Kings,Mumbai Indians,184.0,Punjab Kings,183,133,8,9
598067,Pune Warriors India,Delhi Capitals,173.0,Pune Warriors India,172,134,5,9
598068,Royal Challengers Bengaluru,Chennai Super Kings,107.0,Royal Challengers Bengaluru,106,82,2,6
598069,Kolkata Knight Riders,Sunrisers Hyderabad,131.0,Sunrisers Hyderabad,130,132,7,5
598070,Chennai Super Kings,Mumbai Indians,193.0,Chennai Super Kings,192,144,1,10
598071,Sunrisers Hyderabad,Rajasthan Royals,133.0,Rajasthan Royals,132,135,7,6
598072,Rajasthan Royals,Mumbai Indians,166.0,Mumbai Indians,165,169,6,6
598073,Mumbai Indians,Chennai Super Kings,149.0,Mumbai Indians,148,125,9,9
729279,Kolkata Knight Riders,Mumbai Indians,164.0,Kolkata Knight Riders,163,122,5,7
729281,Delhi Capitals,Royal Challengers Bengaluru,146.0,Royal Challengers Bengaluru,145,146,4,2
729283,Chennai Super Kings,Punjab Kings,206.0,Punjab Kings,205,206,4,4
729285,Sunrisers Hyderabad,Rajasthan Royals,134.0,Rajasthan Royals,133,135,6,6
729287,Mumbai Indians,Royal Challengers Bengaluru,116.0,Royal Challengers Bengaluru,115,116,9,3
729289,Kolkata Knight Riders,Delhi Capitals,167.0,Delhi Capitals,166,167,5,6
729291,Rajasthan Royals,Punjab Kings,192.0,Punjab Kings,191,193,5,3
729293,Chennai Super Kings,Delhi Capitals,178.0,Chennai Super Kings,177,84,7,9
729295,Punjab Kings,Sunrisers Hyderabad,194.0,Punjab Kings,193,121,6,10
729297,Chennai Super Kings,Rajasthan Royals,141.0,Chennai Super Kings,140,133,6,10
729299,Kolkata Knight Riders,Royal Challengers Bengaluru,151.0,Kolkata Knight Riders,150,148,7,5
729301,Sunrisers Hyderabad,Delhi Capitals,185.0,Sunrisers Hyderabad,184,180,1,4
729303,Mumbai Indians,Chennai Super Kings,142.0,Chennai Super Kings,141,142,7,3
729305,Royal Challengers Bengaluru,Rajasthan Royals,71.0,Rajasthan Royals,70,71,10,4
729307,Punjab Kings,Kolkata Knight Riders,133.0,Punjab Kings,132,109,9,10
729309,Mumbai Indians,Delhi Capitals,126.0,Delhi Capitals,125,126,6,4
729311,Sunrisers Hyderabad,Chennai Super Kings,146.0,Chennai Super Kings,145,146,5,5
729313,Royal Challengers Bengaluru,Punjab Kings,125.0,Punjab Kings,124,127,8,5
729315,Rajasthan Royals,Kolkata Knight Riders,153.0,Unknown,152,152,5,8
729317,Sunrisers Hyderabad,Mumbai Indians,173.0,Sunrisers Hyderabad,172,157,5,7
733971,Chennai Super Kings,Kolkata Knight Riders,149.0,Chennai Super Kings,148,114,3,9
733973,Punjab Kings,Mumbai Indians,169.0,Mumbai Indians,168,170,5,5
733975,Delhi Capitals,Rajasthan Royals,153.0,Rajasthan Royals,152,156,5,3
733977,Sunrisers Hyderabad,Royal Challengers Bengaluru,156.0,Royal Challengers Bengaluru,155,158,6,6
733979,Rajasthan Royals,Kolkata Knight Riders,171.0,Rajasthan Royals,170,160,6,6
733981,Delhi Capitals,Chennai Super Kings,179.0,Chennai Super Kings,178,181,5,2
733983,Mumbai Indians,Royal Challengers Bengaluru,188.0,Mumbai Indians,187,168,5,8
733985,Delhi Capitals,Kolkata Knight Riders,161.0,Kolkata Knight Riders,160,161,5,2
733987,Punjab Kings,Chennai Super Kings,232.0,Punjab Kings,231,187,4,6
733989,Sunrisers Hyderabad,Rajasthan Royals,135.0,Sunrisers Hyderabad,134,102,9,10
733991,Punjab Kings,Royal Challengers Bengaluru,199.0,Punjab Kings,198,166,8,9
733993,Delhi Capitals,Sunrisers Hyderabad,43.0,Sunrisers Hyderabad,143,44,7,2
733995,Mumbai Indians,Chennai Super Kings,158.0,Chennai Super Kings,157,160,6,6
733997,Punjab Kings,Kolkata Knight Riders,150.0,Kolkata Knight Riders,149,150,8,1
733999,Royal Challengers Bengaluru,Rajasthan Royals,191.0,Rajasthan Royals,190,191,5,5
734001,Sunrisers Hyderabad,Mumbai Indians,158.0,Mumbai Indians,157,160,3,3
734003,Rajasthan Royals,Chennai Super Kings,149.0,Chennai Super Kings,148,149,8,5
734005,Royal Challengers Bengaluru,Delhi Capitals,187.0,Royal Challengers Bengaluru,186,170,4,7
734007,Sunrisers Hyderabad,Punjab Kings,206.0,Punjab Kings,205,211,5,4
734009,Mumbai Indians,Kolkata Knight Riders,142.0,Kolkata Knight Riders,141,142,5,4
734011,Rajasthan Royals,Delhi Capitals,202.0,Rajasthan Royals,201,139,6,9
734013,Chennai Super Kings,Royal Challengers Bengaluru,139.0,Royal Challengers Bengaluru,138,142,4,5
734015,Sunrisers Hyderabad,Kolkata Knight Riders,143.0,Kolkata Knight Riders,142,146,8,3
734017,Mumbai Indians,Rajasthan Royals,179.0,Mumbai Indians,178,153,3,8
734019,Delhi Capitals,Punjab Kings,165.0,Punjab Kings,164,165,7,6
734021,Royal Challengers Bengaluru,Sunrisers Hyderabad,161.0,Sunrisers Hyderabad,160,161,6,3
734023,Chennai Super Kings,Kolkata Knight Riders,155.0,Kolkata Knight Riders,154,156,4,2
734025,Punjab Kings,Mumbai Indians,157.0,Mumbai Indians,156,159,8,3
734027,Kolkata Knight Riders,Royal Challengers Bengaluru,196.0,Kolkata Knight Riders,195,165,4,5
734029,Chennai Super Kings,Sunrisers Hyderabad,186.0,Sunrisers Hyderabad,185,189,3,4
734031,Mumbai Indians,Delhi Capitals,174.0,Mumbai Indians,173,158,10,4
734033,Punjab Kings,Rajasthan Royals,180.0,Punjab Kings,179,163,4,8
734035,Royal Challengers Bengaluru,Chennai Super Kings,155.0,Chennai Super Kings,154,160,6,2
734037,Sunrisers Hyderabad,Kolkata Knight Riders,161.0,Kolkata Knight Riders,160,161,7,6
734039,Delhi Capitals,Punjab Kings,116.0,Punjab Kings,115,119,10,3
734041,Rajasthan Royals,Mumbai Indians,190.0,Mumbai Indians,189,195,4,5
734043,Kolkata Knight Riders,Punjab Kings,164.0,Kolkata Knight Riders,163,135,8,8
734045,Mumbai Indians,Chennai Super Kings,174.0,Chennai Super Kings,173,176,8,3
734047,Punjab Kings,Chennai Super Kings,227.0,Punjab Kings,226,202,6,7
734049,Punjab Kings,Kolkata Knight Riders,200.0,Kolkata Knight Riders,199,200,4,7
829705,Mumbai Indians,Kolkata Knight Riders,169.0,Kolkata Knight Riders,168,170,3,3
829707,Chennai Super Kings,Delhi Capitals,151.0,Chennai Super Kings,150,149,7,9
829709,Rajasthan Royals,Punjab Kings,163.0,Rajasthan Royals,162,136,7,8
829711,Chennai Super Kings,Sunrisers Hyderabad,210.0,Chennai Super Kings,209,164,4,6
829713,Kolkata Knight Riders,Royal Challengers Bengaluru,178.0,Royal Challengers Bengaluru,177,179,6,7
829715,Delhi Capitals,Rajasthan Royals,185.0,Rajasthan Royals,184,186,3,7
829717,Punjab Kings,Mumbai Indians,178.0,Punjab Kings,177,159,5,7
829719,Royal Challengers Bengaluru,Sunrisers Hyderabad,167.0,Sunrisers Hyderabad,166,172,10,2
829721,Mumbai Indians,Rajasthan Royals,165.0,Rajasthan Royals,164,165,5,3
829723,Chennai Super Kings,Kolkata Knight Riders,166.0,Kolkata Knight Riders,165,169,9,3
829725,Punjab Kings,Delhi Capitals,166.0,Delhi Capitals,165,169,7,5
829727,Sunrisers Hyderabad,Rajasthan Royals,128.0,Rajasthan Royals,127,131,5,4
829729,Mumbai Indians,Chennai Super Kings,184.0,Chennai Super Kings,183,189,7,4
829731,Delhi Capitals,Sunrisers Hyderabad,168.0,Delhi Capitals,167,163,4,8
829733,Punjab Kings,Kolkata Knight Riders,156.0,Kolkata Knight Riders,155,159,9,6
829735,Chennai Super Kings,Rajasthan Royals,157.0,Rajasthan Royals,156,157,4,2
829737,Mumbai Indians,Royal Challengers Bengaluru,210.0,Mumbai Indians,209,191,7,7
829739,Delhi Capitals,Kolkata Knight Riders,147.0,Kolkata Knight Riders,146,147,8,4
829741,Rajasthan Royals,Punjab Kings,192.0,Unknown,191,191,6,6
829743,Sunrisers Hyderabad,Kolkata Knight Riders,118.0,Sunrisers Hyderabad,176,101,4,4
829745,Chennai Super Kings,Royal Challengers Bengaluru,182.0,Chennai Super Kings,181,154,8,8
829747,Delhi Capitals,Mumbai Indians,191.0,Delhi Capitals,190,153,4,9
829749,Rajasthan Royals,Royal Challengers Bengaluru,131.0,Royal Challengers Bengaluru,130,134,9,1
829751,Mumbai Indians,Sunrisers Hyderabad,158.0,Mumbai Indians,157,137,8,8
829753,Chennai Super Kings,Punjab Kings,193.0,Chennai Super Kings,192,95,3,9
829757,Delhi Capitals,Royal Challengers Bengaluru,96.0,Royal Challengers Bengaluru,95,99,10,0
829759,Sunrisers Hyderabad,Punjab Kings,151.0,Sunrisers Hyderabad,150,130,6,9
829761,Kolkata Knight Riders,Delhi Capitals,172.0,Kolkata Knight Riders,171,158,7,6
829765,Chennai Super Kings,Kolkata Knight Riders,135.0,Chennai Super Kings,134,132,6,9
829767,Punjab Kings,Delhi Capitals,119.0,Delhi Capitals,118,119,8,1
829769,Mumbai Indians,Rajasthan Royals,188.0,Mumbai Indians,187,179,5,7
829771,Kolkata Knight Riders,Royal Challengers Bengaluru,112.0,Royal Challengers Bengaluru,111,115,4,3
829773,Sunrisers Hyderabad,Chennai Super Kings,193.0,Sunrisers Hyderabad,192,170,7,6
829775,Mumbai Indians,Punjab Kings,173.0,Mumbai Indians,172,149,3,7
829777,Rajasthan Royals,Delhi Capitals,190.0,Rajasthan Royals,189,175,2,7
829779,Chennai Super Kings,Royal Challengers Bengaluru,149.0,Chennai Super Kings,148,124,9,10
829781,Kolkata Knight Riders,Sunrisers Hyderabad,168.0,Kolkata Knight Riders,167,132,7,9
829783,Delhi Capitals,Mumbai Indians,153.0,Mumbai Indians,152,153,6,5
829785,Royal Challengers Bengaluru,Punjab Kings,227.0,Royal Challengers Bengaluru,226,88,3,10
829787,Sunrisers Hyderabad,Rajasthan Royals,202.0,Sunrisers Hyderabad,201,194,4,7
829789,Chennai Super Kings,Mumbai Indians,159.0,Mumbai Indians,158,159,5,4
829791,Punjab Kings,Kolkata Knight Riders,184.0,Kolkata Knight Riders,183,184,5,9
829793,Sunrisers Hyderabad,Delhi Capitals,164.0,Sunrisers Hyderabad,163,157,4,4
829795,Royal Challengers Bengaluru,Mumbai Indians,236.0,Royal Challengers Bengaluru,235,196,1,7
829797,Chennai Super Kings,Rajasthan Royals,158.0,Chennai Super Kings,157,145,5,9
829799,Sunrisers Hyderabad,Punjab Kings,186.0,Sunrisers Hyderabad,185,180,5,7
829801,Chennai Super Kings,Delhi Capitals,120.0,Delhi Capitals,119,120,6,4
829803,Punjab Kings,Royal Challengers Bengaluru,107.0,Punjab Kings,106,84,6,6
829805,Mumbai Indians,Kolkata Knight Riders,172.0,Mumbai Indians,171,166,4,7
829807,Sunrisers Hyderabad,Royal Challengers Bengaluru,81.0,Royal Challengers Bengaluru,135,83,3,4
829809,Punjab Kings,Chennai Super Kings,131.0,Chennai Super Kings,130,134,7,3
829811,Rajasthan Royals,Kolkata Knight Riders,200.0,Rajasthan Royals,199,190,6,9
829815,Sunrisers Hyderabad,Mumbai Indians,114.0,Mumbai Indians,113,114,10,1
829817,Mumbai Indians,Chennai Super Kings,188.0,Mumbai Indians,187,162,6,10
829819,Royal Challengers Bengaluru,Rajasthan Royals,181.0,Royal Challengers Bengaluru,180,109,4,10
829821,Royal Challengers Bengaluru,Chennai Super Kings,140.0,Chennai Super Kings,139,140,8,7
829823,Mumbai Indians,Chennai Super Kings,203.0,Mumbai Indians,202,161,5,8
980901,Mumbai Indians,Rising Pune Supergiant,122.0,Rising Pune Supergiant,121,126,8,1
980903,Delhi Capitals,Kolkata Knight Riders,99.0,Kolkata Knight Riders,98,99,10,1
980905,Punjab Kings,Gujarat Lions,162.0,Gujarat Lions,161,162,6,5
980907,Royal Challengers Bengaluru,Sunrisers Hyderabad,228.0,Royal Challengers Bengaluru,227,182,4,6
980909,Kolkata Knight Riders,Mumbai Indians,188.0,Mumbai Indians,187,188,5,4
980911,Rising Pune Supergiant,Gujarat Lions,164.0,Gujarat Lions,163,164,5,3
980913,Punjab Kings,Delhi Capitals,112.0,Delhi Capitals,111,113,9,2
980915,Sunrisers Hyderabad,Kolkata Knight Riders,143.0,Kolkata Knight Riders,142,146,7,2
980917,Mumbai Indians,Gujarat Lions,144.0,Gujarat Lions,143,147,8,7
980919,Rising Pune Supergiant,Punjab Kings,153.0,Punjab Kings,152,153,7,4
980921,Royal Challengers Bengaluru,Delhi Capitals,192.0,Delhi Capitals,191,192,5,3
980923,Mumbai Indians,Sunrisers Hyderabad,143.0,Sunrisers Hyderabad,142,145,6,3
980925,Punjab Kings,Kolkata Knight Riders,139.0,Kolkata Knight Riders,138,141,8,4
980927,Royal Challengers Bengaluru,Mumbai Indians,171.0,Mumbai Indians,170,171,7,4
980929,Gujarat Lions,Sunrisers Hyderabad,136.0,Sunrisers Hyderabad,135,137,8,0
980931,Royal Challengers Bengaluru,Rising Pune Supergiant,186.0,Royal Challengers Bengaluru,185,172,3,8
980933,Delhi Capitals,Mumbai Indians,165.0,Delhi Capitals,164,154,4,7
980935,Punjab Kings,Sunrisers Hyderabad,144.0,Sunrisers Hyderabad,143,146,6,5
980937,Royal Challengers Bengaluru,Gujarat Lions,181.0,Gujarat Lions,180,182,2,4
980939,Rising Pune Supergiant,Kolkata Knight Riders,161.0,Kolkata Knight Riders,160,162,5,8
980941,Mumbai Indians,Punjab Kings,190.0,Mumbai Indians,189,164,6,7
980943,Sunrisers Hyderabad,Rising Pune Supergiant,61.0,Rising Pune Supergiant,118,94,8,3
980945,Gujarat Lions,Delhi Capitals,173.0,Gujarat Lions,172,171,6,5
980947,Kolkata Knight Riders,Mumbai Indians,175.0,Mumbai Indians,174,178,5,4
980949,Rising Pune Supergiant,Gujarat Lions,196.0,Gujarat Lions,195,196,3,7
980951,Delhi Capitals,Kolkata Knight Riders,187.0,Delhi Capitals,186,159,8,10
980953,Sunrisers Hyderabad,Royal Challengers Bengaluru,195.0,Sunrisers Hyderabad,194,179,5,6
980955,Punjab Kings,Gujarat Lions,155.0,Punjab Kings,154,131,10,9
980957,Rising Pune Supergiant,Mumbai Indians,160.0,Mumbai Indians,159,161,5,2
980959,Royal Challengers Bengaluru,Kolkata Knight Riders,186.0,Kolkata Knight Riders,185,189,7,5
980961,Gujarat Lions,Delhi Capitals,150.0,Delhi Capitals,149,150,7,2
980963,Kolkata Knight Riders,Punjab Kings,165.0,Kolkata Knight Riders,164,157,3,9
980965,Delhi Capitals,Rising Pune Supergiant,163.0,Rising Pune Supergiant,162,166,7,3
980967,Gujarat Lions,Sunrisers Hyderabad,127.0,Sunrisers Hyderabad,126,129,6,5
980969,Rising Pune Supergiant,Royal Challengers Bengaluru,192.0,Royal Challengers Bengaluru,191,195,6,3
980971,Punjab Kings,Delhi Capitals,182.0,Punjab Kings,181,172,5,5
980973,Sunrisers Hyderabad,Mumbai Indians,178.0,Sunrisers Hyderabad,177,92,3,10
980975,Kolkata Knight Riders,Gujarat Lions,159.0,Gujarat Lions,158,164,4,5
980977,Royal Challengers Bengaluru,Punjab Kings,176.0,Royal Challengers Bengaluru,175,174,6,4
980979,Sunrisers Hyderabad,Rising Pune Supergiant,138.0,Sunrisers Hyderabad,137,133,8,8
980981,Royal Challengers Bengaluru,Mumbai Indians,152.0,Mumbai Indians,151,153,4,4
980983,Sunrisers Hyderabad,Delhi Capitals,147.0,Delhi Capitals,146,150,8,3
980985,Mumbai Indians,Punjab Kings,125.0,Punjab Kings,124,127,9,3
980987,Royal Challengers Bengaluru,Gujarat Lions,249.0,Royal Challengers Bengaluru,248,104,3,10
980989,Rising Pune Supergiant,Kolkata Knight Riders,66.0,Kolkata Knight Riders,103,66,6,2
980991,Punjab Kings,Sunrisers Hyderabad,180.0,Sunrisers Hyderabad,179,180,4,3
980993,Mumbai Indians,Delhi Capitals,207.0,Mumbai Indians,206,126,4,10
980995,Kolkata Knight Riders,Royal Challengers Bengaluru,184.0,Royal Challengers Bengaluru,183,186,5,1
980997,Delhi Capitals,Rising Pune Supergiant,58.0,Rising Pune Supergiant,121,76,6,1
980999,Royal Challengers Bengaluru,Punjab Kings,203.0,Royal Challengers Bengaluru,211,120,3,9
981001,Kolkata Knight Riders,Gujarat Lions,125.0,Gujarat Lions,124,125,8,4
981003,Sunrisers Hyderabad,Delhi Capitals,159.0,Delhi Capitals,158,161,7,4
981005,Punjab Kings,Rising Pune Supergiant,173.0,Rising Pune Supergiant,172,173,7,6
981007,Mumbai Indians,Gujarat Lions,173.0,Gujarat Lions,172,173,8,4
981009,Kolkata Knight Riders,Sunrisers Hyderabad,172.0,Kolkata Knight Riders,171,149,6,8
981011,Delhi Capitals,Royal Challengers Bengaluru,139.0,Royal Challengers Bengaluru,138,139,8,4
981013,Gujarat Lions,Royal Challengers Bengaluru,159.0,Royal Challengers Bengaluru,158,159,10,6
981015,Sunrisers Hyderabad,Kolkata Knight Riders,163.0,Sunrisers Hyderabad,162,140,8,8
981017,Gujarat Lions,Sunrisers Hyderabad,163.0,Sunrisers Hyderabad,162,163,7,6
981019,Sunrisers Hyderabad,Royal Challengers Bengaluru,209.0,Sunrisers Hyderabad,208,200,7,7
1082591,Sunrisers Hyderabad,Royal Challengers Bengaluru,208.0,Sunrisers Hyderabad,207,172,4,10
1082592,Mumbai Indians,Rising Pune Supergiant,185.0,Rising Pune Supergiant,184,187,8,3
1082593,Gujarat Lions,Kolkata Knight Riders,184.0,Kolkata Knight Riders,183,184,4,0
1082594,Rising Pune Supergiant,Punjab Kings,164.0,Punjab Kings,163,164,6,4
1082595,Royal Challengers Bengaluru,Delhi Capitals,158.0,Royal Challengers Bengaluru,157,142,8,9
1082596,Gujarat Lions,Sunrisers Hyderabad,136.0,Sunrisers Hyderabad,135,140,7,1
1082597,Kolkata Knight Riders,Mumbai Indians,179.0,Mumbai Indians,178,180,7,6
1082598,Royal Challengers Bengaluru,Punjab Kings,149.0,Punjab Kings,148,150,4,2
1082599,Delhi Capitals,Rising Pune Supergiant,206.0,Delhi Capitals,205,108,4,10
1082600,Sunrisers Hyderabad,Mumbai Indians,159.0,Mumbai Indians,158,159,8,6
1082601,Punjab Kings,Kolkata Knight Riders,171.0,Kolkata Knight Riders,170,171,9,2
1082602,Royal Challengers Bengaluru,Mumbai Indians,143.0,Mumbai Indians,142,145,5,6
1082603,Rising Pune Supergiant,Gujarat Lions,172.0,Gujarat Lions,171,172,8,3
1082604,Kolkata Knight Riders,Sunrisers Hyderabad,173.0,Kolkata Knight Riders,172,155,6,6
1082605,Delhi Capitals,Punjab Kings,189.0,Delhi Capitals,188,137,6,9
1082606,Gujarat Lions,Mumbai Indians,177.0,Mumbai Indians,176,177,4,4
1082607,Rising Pune Supergiant,Royal Challengers Bengaluru,162.0,Rising Pune Supergiant,161,134,8,9
1082608,Delhi Capitals,Kolkata Knight Riders,169.0,Kolkata Knight Riders,168,169,7,6
1082609,Sunrisers Hyderabad,Punjab Kings,160.0,Sunrisers Hyderabad,159,154,6,10
1082610,Royal Challengers Bengaluru,Gujarat Lions,214.0,Royal Challengers Bengaluru,213,192,2,7
1082611,Sunrisers Hyderabad,Delhi Capitals,192.0,Sunrisers Hyderabad,191,176,4,5
1082612,Punjab Kings,Mumbai Indians,199.0,Mumbai Indians,198,199,4,2
1082613,Kolkata Knight Riders,Gujarat Lions,188.0,Gujarat Lions,187,188,5,6
1082614,Mumbai Indians,Delhi Capitals,143.0,Mumbai Indians,142,128,8,7
1082615,Sunrisers Hyderabad,Rising Pune Supergiant,177.0,Rising Pune Supergiant,176,179,3,4
1082616,Punjab Kings,Gujarat Lions,189.0,Punjab Kings,188,162,7,7
1082617,Kolkata Knight Riders,Royal Challengers Bengaluru,132.0,Kolkata Knight Riders,131,49,10,10
1082618,Rising Pune Supergiant,Mumbai Indians,161.0,Rising Pune Supergiant,160,157,6,8
1082620,Rising Pune Supergiant,Kolkata Knight Riders,183.0,Kolkata Knight Riders,182,184,5,3
1082621,Royal Challengers Bengaluru,Gujarat Lions,135.0,Gujarat Lions,134,135,10,3
1082622,Delhi Capitals,Kolkata Knight Riders,161.0,Kolkata Knight Riders,160,161,6,3
1082623,Sunrisers Hyderabad,Punjab Kings,208.0,Sunrisers Hyderabad,207,181,3,9
1082624,Rising Pune Supergiant,Royal Challengers Bengaluru,158.0,Rising Pune Supergiant,157,96,3,9
1082625,Gujarat Lions,Mumbai Indians,154.0,Unknown,153,153,9,10
1082626,Delhi Capitals,Punjab Kings,68.0,Punjab Kings,67,68,10,0
1082627,Sunrisers Hyderabad,Kolkata Knight Riders,210.0,Sunrisers Hyderabad,209,161,3,7
1082628,Royal Challengers Bengaluru,Mumbai Indians,163.0,Mumbai Indians,162,165,8,5
1082629,Gujarat Lions,Rising Pune Supergiant,162.0,Rising Pune Supergiant,161,167,10,5
1082630,Sunrisers Hyderabad,Delhi Capitals,186.0,Delhi Capitals,185,189,3,4
1082631,Kolkata Knight Riders,Rising Pune Supergiant,156.0,Rising Pune Supergiant,155,158,8,6
1082632,Gujarat Lions,Delhi Capitals,209.0,Delhi Capitals,208,214,7,3
1082633,Punjab Kings,Royal Challengers Bengaluru,139.0,Punjab Kings,138,119,7,10
1082634,Rising Pune Supergiant,Sunrisers Hyderabad,149.0,Rising Pune Supergiant,148,136,8,9
1082635,Mumbai Indians,Delhi Capitals,213.0,Mumbai Indians,212,66,3,10
1082636,Royal Challengers Bengaluru,Kolkata Knight Riders,159.0,Kolkata Knight Riders,158,159,6,4
1082637,Punjab Kings,Gujarat Lions,190.0,Gujarat Lions,189,192,3,4
1082638,Mumbai Indians,Sunrisers Hyderabad,139.0,Sunrisers Hyderabad,138,140,7,3
1082639,Punjab Kings,Kolkata Knight Riders,168.0,Punjab Kings,167,153,6,6
1082640,Gujarat Lions,Delhi Capitals,196.0,Delhi Capitals,195,197,5,8
1082641,Punjab Kings,Mumbai Indians,231.0,Punjab Kings,230,223,3,6
1082642,Delhi Capitals,Rising Pune Supergiant,169.0,Delhi Capitals,168,161,8,7
1082643,Gujarat Lions,Sunrisers Hyderabad,155.0,Sunrisers Hyderabad,154,158,10,2
1082644,Mumbai Indians,Kolkata Knight Riders,174.0,Mumbai Indians,173,164,5,8
1082645,Punjab Kings,Rising Pune Supergiant,74.0,Rising Pune Supergiant,73,78,10,1
1082646,Royal Challengers Bengaluru,Delhi Capitals,162.0,Royal Challengers Bengaluru,161,151,6,10
1082647,Rising Pune Supergiant,Mumbai Indians,163.0,Rising Pune Supergiant,162,142,4,9
1082648,Sunrisers Hyderabad,Kolkata Knight Riders,48.0,Kolkata Knight Riders,128,48,7,3
1082649,Kolkata Knight Riders,Mumbai Indians,108.0,Mumbai Indians,107,111,10,4
1082650,Mumbai Indians,Rising Pune Supergiant,130.0,Mumbai Indians,129,128,8,6
1136561,Mumbai Indians,Chennai Super Kings,166.0,Chennai Super Kings,165,169,4,9
1136562,Delhi Capitals,Punjab Kings,167.0,Punjab Kings,166,167,7,4
1136563,Royal Challengers Bengaluru,Kolkata Knight Riders,177.0,Kolkata Knight Riders,176,177,7,6
1136564,Rajasthan Royals,Sunrisers Hyderabad,126.0,Sunrisers Hyderabad,125,127,9,1
1136565,Kolkata Knight Riders,Chennai Super Kings,203.0,Chennai Super Kings,202,205,6,5
1136566,Rajasthan Royals,Delhi Capitals,71.0,Rajasthan Royals,153,60,5,4
1136567,Mumbai Indians,Sunrisers Hyderabad,148.0,Sunrisers Hyderabad,147,151,8,9
1136568,Punjab Kings,Royal Challengers Bengaluru,156.0,Royal Challengers Bengaluru,155,159,10,6
1136569,Mumbai Indians,Delhi Capitals,195.0,Delhi Capitals,194,195,7,3
1136570,Kolkata Knight Riders,Sunrisers Hyderabad,139.0,Sunrisers Hyderabad,138,139,8,5
1136571,Rajasthan Royals,Royal Challengers Bengaluru,218.0,Rajasthan Royals,217,198,4,6
1136572,Punjab Kings,Chennai Super Kings,198.0,Punjab Kings,197,193,7,5
1136573,Kolkata Knight Riders,Delhi Capitals,201.0,Kolkata Knight Riders,200,129,9,10
1136574,Mumbai Indians,Royal Challengers Bengaluru,214.0,Mumbai Indians,213,167,6,8
1136575,Rajasthan Royals,Kolkata Knight Riders,161.0,Kolkata Knight Riders,160,163,8,3
1136576,Punjab Kings,Sunrisers Hyderabad,194.0,Punjab Kings,193,178,3,4
1136577,Chennai Super Kings,Rajasthan Royals,205.0,Chennai Super Kings,204,140,5,10
1136578,Kolkata Knight Riders,Punjab Kings,125.0,Punjab Kings,191,126,7,1
1136579,Delhi Capitals,Royal Challengers Bengaluru,175.0,Royal Challengers Bengaluru,174,176,5,4
1136580,Chennai Super Kings,Sunrisers Hyderabad,183.0,Chennai Super Kings,182,178,3,6
1136581,Mumbai Indians,Rajasthan Royals,168.0,Rajasthan Royals,167,168,7,7
1136582,Punjab Kings,Delhi Capitals,144.0,Punjab Kings,143,139,8,8
1136583,Sunrisers Hyderabad,Mumbai Indians,119.0,Sunrisers Hyderabad,118,87,10,10
1136584,Royal Challengers Bengaluru,Chennai Super Kings,206.0,Chennai Super Kings,205,207,8,5
1136585,Sunrisers Hyderabad,Punjab Kings,133.0,Sunrisers Hyderabad,132,119,6,10
1136586,Delhi Capitals,Kolkata Knight Riders,220.0,Delhi Capitals,219,164,4,9
1136587,Chennai Super Kings,Mumbai Indians,170.0,Mumbai Indians,169,170,5,2
1136588,Sunrisers Hyderabad,Rajasthan Royals,152.0,Sunrisers Hyderabad,151,140,7,6
1136589,Royal Challengers Bengaluru,Kolkata Knight Riders,176.0,Kolkata Knight Riders,175,176,4,4
1136590,Chennai Super Kings,Delhi Capitals,212.0,Chennai Super Kings,211,198,4,5
1136591,Royal Challengers Bengaluru,Mumbai Indians,168.0,Royal Challengers Bengaluru,167,153,7,7
1136592,Delhi Capitals,Rajasthan Royals,151.0,Delhi Capitals,196,146,6,5
1136593,Chennai Super Kings,Kolkata Knight Riders,178.0,Kolkata Knight Riders,177,180,5,4
1136594,Punjab Kings,Mumbai Indians,175.0,Mumbai Indians,174,176,6,4
1136595,Royal Challengers Bengaluru,Chennai Super Kings,128.0,Chennai Super Kings,127,128,9,4
1136596,Delhi Capitals,Sunrisers Hyderabad,164.0,Sunrisers Hyderabad,163,164,5,3
1136597,Mumbai Indians,Kolkata Knight Riders,182.0,Mumbai Indians,181,168,4,6
1136598,Rajasthan Royals,Punjab Kings,153.0,Punjab Kings,152,155,9,4
1136599,Sunrisers Hyderabad,Royal Challengers Bengaluru,147.0,Sunrisers Hyderabad,146,141,10,6
1136600,Rajasthan Royals,Punjab Kings,159.0,Rajasthan Royals,158,143,8,7
1136601,Mumbai Indians,Kolkata Knight Riders,211.0,Mumbai Indians,210,108,6,10
1136602,Delhi Capitals,Sunrisers Hyderabad,188.0,Sunrisers Hyderabad,187,191,5,1
1136603,Chennai Super Kings,Rajasthan Royals,177.0,Rajasthan Royals,176,177,4,6
1136604,Kolkata Knight Riders,Punjab Kings,246.0,Kolkata Knight Riders,245,214,6,8
1136605,Delhi Capitals,Royal Challengers Bengaluru,182.0,Royal Challengers Bengaluru,181,187,4,5
1136606,Sunrisers Hyderabad,Chennai Super Kings,180.0,Chennai Super Kings,179,180,4,2
1136607,Mumbai Indians,Rajasthan Royals,169.0,Rajasthan Royals,168,171,6,3
1136608,Punjab Kings,Royal Challengers Bengaluru,89.0,Royal Challengers Bengaluru,88,92,10,0
1136609,Rajasthan Royals,Kolkata Knight Riders,143.0,Kolkata Knight Riders,142,145,10,4
1136610,Mumbai Indians,Punjab Kings,187.0,Mumbai Indians,186,183,8,5
1136611,Royal Challengers Bengaluru,Sunrisers Hyderabad,219.0,Royal Challengers Bengaluru,218,204,6,3
1136612,Delhi Capitals,Chennai Super Kings,163.0,Delhi Capitals,162,128,5,6
1136613,Rajasthan Royals,Royal Challengers Bengaluru,165.0,Rajasthan Royals,164,134,5,10
1136614,Sunrisers Hyderabad,Kolkata Knight Riders,173.0,Kolkata Knight Riders,172,173,9,5
1136615,Delhi Capitals,Mumbai Indians,175.0,Delhi Capitals,174,163,4,10
1136616,Punjab Kings,Chennai Super Kings,154.0,Chennai Super Kings,153,159,10,5
1136617,Sunrisers Hyderabad,Chennai Super Kings,140.0,Chennai Super Kings,139,140,7,8
1136618,Kolkata Knight Riders,Rajasthan Royals,170.0,Kolkata Knight Riders,169,144,7,4
1136619,Sunrisers Hyderabad,Kolkata Knight Riders,175.0,Sunrisers Hyderabad,174,160,7,9
1136620,Sunrisers Hyderabad,Chennai Super Kings,179.0,Chennai Super Kings,178,181,6,2
1175356,Royal Challengers Bengaluru,Chennai Super Kings,71.0,Chennai Super Kings,70,71,10,3
1175357,Sunrisers Hyderabad,Kolkata Knight Riders,182.0,Kolkata Knight Riders,181,183,3,4
1175358,Delhi Capitals,Mumbai Indians,214.0,Delhi Capitals,213,176,6,9
1175359,Punjab Kings,Rajasthan Royals,185.0,Punjab Kings,184,170,4,9
1175360,Delhi Capitals,Chennai Super Kings,148.0,Chennai Super Kings,147,150,6,4
1175361,Kolkata Knight Riders,Punjab Kings,219.0,Kolkata Knight Riders,218,190,4,4
1175362,Mumbai Indians,Royal Challengers Bengaluru,188.0,Mumbai Indians,187,181,8,5
1175363,Rajasthan Royals,Sunrisers Hyderabad,199.0,Sunrisers Hyderabad,198,201,2,5
1175364,Mumbai Indians,Punjab Kings,177.0,Punjab Kings,176,177,7,2
1175365,Kolkata Knight Riders,Delhi Capitals,186.0,Unknown,185,185,8,6
1175366,Sunrisers Hyderabad,Royal Challengers Bengaluru,232.0,Sunrisers Hyderabad,231,113,2,10
1175367,Chennai Super Kings,Rajasthan Royals,176.0,Chennai Super Kings,175,167,5,8
1175368,Punjab Kings,Delhi Capitals,167.0,Punjab Kings,166,152,9,10
1175369,Royal Challengers Bengaluru,Rajasthan Royals,159.0,Rajasthan Royals,158,164,4,3
1175370,Mumbai Indians,Chennai Super Kings,171.0,Mumbai Indians,170,133,5,8
1175371,Delhi Capitals,Sunrisers Hyderabad,130.0,Sunrisers Hyderabad,129,131,8,5
1175372,Royal Challengers Bengaluru,Kolkata Knight Riders,206.0,Kolkata Knight Riders,205,206,3,5
1178393,Chennai Super Kings,Punjab Kings,161.0,Chennai Super Kings,160,138,3,5
1178394,Mumbai Indians,Sunrisers Hyderabad,137.0,Mumbai Indians,136,96,7,10
1178395,Royal Challengers Bengaluru,Delhi Capitals,150.0,Delhi Capitals,149,152,8,6
1178396,Rajasthan Royals,Kolkata Knight Riders,140.0,Kolkata Knight Riders,139,140,3,2
1178397,Sunrisers Hyderabad,Punjab Kings,151.0,Punjab Kings,150,151,4,4
1178398,Kolkata Knight Riders,Chennai Super Kings,109.0,Chennai Super Kings,108,111,9,3
1178399,Punjab Kings,Mumbai Indians,198.0,Mumbai Indians,197,198,4,7
1178400,Rajasthan Royals,Chennai Super Kings,152.0,Chennai Super Kings,151,155,7,6
1178401,Kolkata Knight Riders,Delhi Capitals,179.0,Delhi Capitals,178,180,7,3
1178402,Mumbai Indians,Rajasthan Royals,188.0,Rajasthan Royals,187,188,5,6
1178403,Punjab Kings,Royal Challengers Bengaluru,174.0,Royal Challengers Bengaluru,173,174,4,2
1178404,Kolkata Knight Riders,Chennai Super Kings,162.0,Chennai Super Kings,161,162,8,5
1178405,Delhi Capitals,Sunrisers Hyderabad,156.0,Delhi Capitals,155,116,7,10
1178406,Royal Challengers Bengaluru,Mumbai Indians,172.0,Mumbai Indians,171,172,7,5
1178407,Punjab Kings,Rajasthan Royals,183.0,Punjab Kings,182,170,6,7
1178408,Chennai Super Kings,Sunrisers Hyderabad,133.0,Sunrisers Hyderabad,132,137,5,4
1178409,Mumbai Indians,Delhi Capitals,169.0,Mumbai Indians,168,128,5,9
1178410,Royal Challengers Bengaluru,Kolkata Knight Riders,214.0,Royal Challengers Bengaluru,213,203,4,5
1178411,Mumbai Indians,Rajasthan Royals,162.0,Rajasthan Royals,161,162,5,5
1178412,Punjab Kings,Delhi Capitals,164.0,Delhi Capitals,163,166,7,5
1178413,Kolkata Knight Riders,Sunrisers Hyderabad,160.0,Sunrisers Hyderabad,159,161,8,1
1178414,Royal Challengers Bengaluru,Chennai Super Kings,162.0,Royal Challengers Bengaluru,161,160,7,8
1178415,Rajasthan Royals,Delhi Capitals,192.0,Delhi Capitals,191,193,6,4
1178416,Sunrisers Hyderabad,Chennai Super Kings,176.0,Chennai Super Kings,175,176,3,4
1178417,Royal Challengers Bengaluru,Punjab Kings,203.0,Royal Challengers Bengaluru,202,185,4,7
1178418,Kolkata Knight Riders,Rajasthan Royals,176.0,Rajasthan Royals,175,177,6,7
1178419,Mumbai Indians,Chennai Super Kings,156.0,Mumbai Indians,155,109,4,10
1178420,Sunrisers Hyderabad,Rajasthan Royals,161.0,Rajasthan Royals,160,161,8,3
1178421,Delhi Capitals,Royal Challengers Bengaluru,188.0,Delhi Capitals,187,171,5,7
1178422,Kolkata Knight Riders,Mumbai Indians,233.0,Kolkata Knight Riders,232,198,2,7
1178423,Sunrisers Hyderabad,Punjab Kings,213.0,Sunrisers Hyderabad,212,167,6,8
1178425,Chennai Super Kings,Delhi Capitals,180.0,Chennai Super Kings,179,99,4,10
1178426,Mumbai Indians,Sunrisers Hyderabad,163.0,Unknown,162,162,5,6
1178427,Punjab Kings,Kolkata Knight Riders,184.0,Kolkata Knight Riders,183,185,6,3
1178428,Rajasthan Royals,Delhi Capitals,116.0,Delhi Capitals,115,121,9,5
1178429,Sunrisers Hyderabad,Royal Challengers Bengaluru,176.0,Royal Challengers Bengaluru,175,178,7,6
1178430,Chennai Super Kings,Punjab Kings,171.0,Punjab Kings,170,173,5,4
1178431,Kolkata Knight Riders,Mumbai Indians,134.0,Mumbai Indians,133,134,7,1
1181764,Chennai Super Kings,Mumbai Indians,132.0,Mumbai Indians,131,132,4,4
1181766,Sunrisers Hyderabad,Delhi Capitals,163.0,Delhi Capitals,162,165,8,8
1181767,Delhi Capitals,Chennai Super Kings,148.0,Chennai Super Kings,147,151,9,4
1181768,Mumbai Indians,Chennai Super Kings,150.0,Mumbai Indians,149,148,8,7
1216492,Mumbai Indians,Chennai Super Kings,163.0,Chennai Super Kings,162,166,9,5
1216493,Delhi Capitals,Punjab Kings,158.0,Unknown,157,157,8,8
1216494,Kolkata Knight Riders,Royal Challengers Bengaluru,85.0,Royal Challengers Bengaluru,84,85,8,2
1216495,Mumbai Indians,Sunrisers Hyderabad,150.0,Sunrisers Hyderabad,149,151,8,0
1216496,Rajasthan Royals,Chennai Super Kings,217.0,Rajasthan Royals,216,200,7,6
1216497,Kolkata Knight Riders,Delhi Capitals,195.0,Kolkata Knight Riders,194,135,6,9
1216498,Punjab Kings,Sunrisers Hyderabad,127.0,Punjab Kings,126,114,7,10
1216499,Royal Challengers Bengaluru,Mumbai Indians,165.0,Mumbai Indians,164,166,6,5
1216500,Delhi Capitals,Rajasthan Royals,185.0,Delhi Capitals,184,138,8,10
1216501,Kolkata Knight Riders,Chennai Super Kings,168.0,Kolkata Knight Riders,167,157,10,5
1216502,Royal Challengers Bengaluru,Sunrisers Hyderabad,121.0,Sunrisers Hyderabad,120,121,7,5
1216503,Mumbai Indians,Punjab Kings,192.0,Mumbai Indians,191,143,4,8
1216504,Kolkata Knight Riders,Rajasthan Royals,175.0,Kolkata Knight Riders,174,137,6,9
1216505,Royal Challengers Bengaluru,Delhi Capitals,153.0,Delhi Capitals,152,154,7,4
1216506,Punjab Kings,Chennai Super Kings,154.0,Chennai Super Kings,153,154,6,1
1216507,Sunrisers Hyderabad,Rajasthan Royals,159.0,Rajasthan Royals,158,163,4,5
1216508,Mumbai Indians,Kolkata Knight Riders,196.0,Mumbai Indians,195,146,5,9
1216509,Chennai Super Kings,Delhi Capitals,180.0,Delhi Capitals,179,185,4,5
1216510,Punjab Kings,Royal Challengers Bengaluru,207.0,Punjab Kings,206,109,3,10
1216511,Mumbai Indians,Rajasthan Royals,194.0,Mumbai Indians,193,136,4,10
1216512,Kolkata Knight Riders,Sunrisers Hyderabad,164.0,Unknown,163,163,5,6
1216513,Punjab Kings,Chennai Super Kings,179.0,Chennai Super Kings,178,181,4,0
1216514,Rajasthan Royals,Royal Challengers Bengaluru,155.0,Royal Challengers Bengaluru,154,158,6,2
1216515,Delhi Capitals,Kolkata Knight Riders,229.0,Delhi Capitals,228,210,4,8
1216516,Sunrisers Hyderabad,Chennai Super Kings,165.0,Sunrisers Hyderabad,164,157,5,5
1216517,Mumbai Indians,Punjab Kings,177.0,Unknown,176,176,6,6
1216518,Rajasthan Royals,Sunrisers Hyderabad,155.0,Sunrisers Hyderabad,154,156,6,2
1216519,Delhi Capitals,Royal Challengers Bengaluru,197.0,Delhi Capitals,196,137,4,9
1216520,Kolkata Knight Riders,Punjab Kings,150.0,Punjab Kings,149,150,9,2
1216521,Chennai Super Kings,Mumbai Indians,115.0,Mumbai Indians,114,116,9,0
1216522,Rajasthan Royals,Royal Challengers Bengaluru,178.0,Royal Challengers Bengaluru,177,179,6,3
1216523,Kolkata Knight Riders,Punjab Kings,165.0,Kolkata Knight Riders,164,162,6,5
1216524,Sunrisers Hyderabad,Delhi Capitals,220.0,Sunrisers Hyderabad,219,131,2,10
1216525,Royal Challengers Bengaluru,Chennai Super Kings,170.0,Royal Challengers Bengaluru,169,132,4,8
1216526,Kolkata Knight Riders,Mumbai Indians,149.0,Mumbai Indians,148,149,5,2
1216527,Punjab Kings,Rajasthan Royals,224.0,Rajasthan Royals,223,226,2,6
1216528,Chennai Super Kings,Sunrisers Hyderabad,168.0,Chennai Super Kings,167,147,6,8
1216529,Delhi Capitals,Mumbai Indians,163.0,Mumbai Indians,162,166,4,5
1216530,Kolkata Knight Riders,Rajasthan Royals,192.0,Kolkata Knight Riders,191,131,7,9
1216531,Royal Challengers Bengaluru,Punjab Kings,172.0,Punjab Kings,171,177,6,2
1216532,Sunrisers Hyderabad,Delhi Capitals,163.0,Sunrisers Hyderabad,162,147,4,7
1216533,Chennai Super Kings,Rajasthan Royals,126.0,Rajasthan Royals,125,126,5,3
1216534,Royal Challengers Bengaluru,Sunrisers Hyderabad,164.0,Royal Challengers Bengaluru,163,153,5,10
1216535,Delhi Capitals,Mumbai Indians,111.0,Mumbai Indians,110,111,9,1
1216536,Kolkata Knight Riders,Chennai Super Kings,173.0,Chennai Super Kings,172,178,5,4
1216537,Punjab Kings,Rajasthan Royals,186.0,Rajasthan Royals,185,186,4,3
1216538,Mumbai Indians,Sunrisers Hyderabad,209.0,Mumbai Indians,208,174,5,7
1216539,Delhi Capitals,Chennai Super Kings,176.0,Delhi Capitals,175,131,3,7
1216540,Royal Challengers Bengaluru,Kolkata Knight Riders,195.0,Royal Challengers Bengaluru,194,112,2,9
1216541,Mumbai Indians,Rajasthan Royals,196.0,Rajasthan Royals,195,196,5,2
1216542,Sunrisers Hyderabad,Punjab Kings,202.0,Sunrisers Hyderabad,201,132,6,10
1216543,Delhi Capitals,Rajasthan Royals,162.0,Delhi Capitals,161,148,7,8
1216544,Royal Challengers Bengaluru,Chennai Super Kings,146.0,Chennai Super Kings,145,150,6,2
1216545,Sunrisers Hyderabad,Kolkata Knight Riders,143.0,Kolkata Knight Riders,142,145,4,3
1216546,Delhi Capitals,Punjab Kings,165.0,Punjab Kings,164,167,5,5
1216547,Royal Challengers Bengaluru,Mumbai Indians,202.0,Unknown,201,201,3,5
1237177,Mumbai Indians,Delhi Capitals,201.0,Mumbai Indians,200,143,5,8
1237178,Royal Challengers Bengaluru,Sunrisers Hyderabad,132.0,Sunrisers Hyderabad,131,132,7,4
1237180,Delhi Capitals,Sunrisers Hyderabad,190.0,Delhi Capitals,189,172,3,8
1237181,Delhi Capitals,Mumbai Indians,157.0,Mumbai Indians,156,157,7,5
1254058,Mumbai Indians,Royal Challengers Bengaluru,160.0,Royal Challengers Bengaluru,159,160,9,8
1254059,Chennai Super Kings,Delhi Capitals,189.0,Delhi Capitals,188,190,7,3
1254060,Kolkata Knight Riders,Sunrisers Hyderabad,188.0,Kolkata Knight Riders,187,177,6,5
1254061,Punjab Kings,Rajasthan Royals,222.0,Punjab Kings,221,217,6,7
1254062,Mumbai Indians,Kolkata Knight Riders,153.0,Mumbai Indians,152,142,10,7
1254063,Royal Challengers Bengaluru,Sunrisers Hyderabad,150.0,Royal Challengers Bengaluru,149,143,8,9
1254064,Delhi Capitals,Rajasthan Royals,148.0,Rajasthan Royals,147,150,8,7
1254065,Punjab Kings,Chennai Super Kings,107.0,Chennai Super Kings,106,107,8,4
1254066,Mumbai Indians,Sunrisers Hyderabad,151.0,Mumbai Indians,150,137,5,10
1254067,Royal Challengers Bengaluru,Kolkata Knight Riders,205.0,Royal Challengers Bengaluru,204,166,4,8
1254068,Punjab Kings,Delhi Capitals,196.0,Delhi Capitals,195,198,4,4
1254069,Chennai Super Kings,Rajasthan Royals,189.0,Chennai Super Kings,188,143,9,9
1254070,Mumbai Indians,Delhi Capitals,138.0,Delhi Capitals,137,138,9,4
1254071,Punjab Kings,Sunrisers Hyderabad,121.0,Sunrisers Hyderabad,120,121,10,1
1254072,Chennai Super Kings,Kolkata Knight Riders,221.0,Chennai Super Kings,220,202,3,10
1254073,Rajasthan Royals,Royal Challengers Bengaluru,178.0,Royal Challengers Bengaluru,177,181,9,0
1254074,Mumbai Indians,Punjab Kings,132.0,Punjab Kings,131,132,6,1
1254075,Kolkata Knight Riders,Rajasthan Royals,134.0,Rajasthan Royals,133,134,9,4
1254076,Chennai Super Kings,Royal Challengers Bengaluru,192.0,Chennai Super Kings,191,122,4,9
1254077,Delhi Capitals,Sunrisers Hyderabad,160.0,Unknown,159,159,4,7
1254078,Punjab Kings,Kolkata Knight Riders,124.0,Kolkata Knight Riders,123,126,9,5
1254079,Royal Challengers Bengaluru,Delhi Capitals,172.0,Royal Challengers Bengaluru,171,170,5,4
1254080,Sunrisers Hyderabad,Chennai Super Kings,172.0,Chennai Super Kings,171,173,3,3
1254081,Rajasthan Royals,Mumbai Indians,172.0,Mumbai Indians,171,172,4,3
1254082,Kolkata Knight Riders,Delhi Capitals,155.0,Delhi Capitals,154,156,6,3
1254083,Punjab Kings,Royal Challengers Bengaluru,180.0,Punjab Kings,179,145,5,8
1254084,Chennai Super Kings,Mumbai Indians,219.0,Mumbai Indians,218,219,4,6
1254085,Rajasthan Royals,Sunrisers Hyderabad,221.0,Rajasthan Royals,220,165,3,8
1254086,Punjab Kings,Delhi Capitals,167.0,Delhi Capitals,166,167,6,3
1254087,Royal Challengers Bengaluru,Kolkata Knight Riders,93.0,Kolkata Knight Riders,92,94,10,1
1254088,Mumbai Indians,Sunrisers Hyderabad,236.0,Mumbai Indians,235,193,9,8
1254089,Chennai Super Kings,Rajasthan Royals,190.0,Rajasthan Royals,189,190,4,3
1254090,Royal Challengers Bengaluru,Punjab Kings,165.0,Royal Challengers Bengaluru,164,158,7,6
1254091,Sunrisers Hyderabad,Chennai Super Kings,135.0,Chennai Super Kings,134,139,7,4
1254092,Delhi Capitals,Kolkata Knight Riders,128.0,Kolkata Knight Riders,127,130,9,7
1254093,Rajasthan Royals,Mumbai Indians,91.0,Mumbai Indians,90,94,9,2
1254094,Chennai Super Kings,Punjab Kings,135.0,Punjab Kings,134,139,6,4
1254095,Sunrisers Hyderabad,Royal Challengers Bengaluru,142.0,Sunrisers Hyderabad,141,137,7,6
1254096,Mumbai Indians,Kolkata Knight Riders,156.0,Kolkata Knight Riders,155,159,6,3
1254097,Delhi Capitals,Rajasthan Royals,155.0,Delhi Capitals,154,121,6,6
1254098,Kolkata Knight Riders,Chennai Super Kings,172.0,Chennai Super Kings,171,172,6,8
1254099,Punjab Kings,Mumbai Indians,136.0,Mumbai Indians,135,137,6,4
1254100,Rajasthan Royals,Sunrisers Hyderabad,165.0,Sunrisers Hyderabad,164,167,5,3
1254101,Delhi Capitals,Royal Challengers Bengaluru,165.0,Royal Challengers Bengaluru,164,166,5,3
1254102,Kolkata Knight Riders,Punjab Kings,166.0,Punjab Kings,165,168,7,5
1254103,Rajasthan Royals,Royal Challengers Bengaluru,150.0,Royal Challengers Bengaluru,149,153,9,3
1254104,Chennai Super Kings,Mumbai Indians,157.0,Chennai Super Kings,156,136,6,8
1254105,Sunrisers Hyderabad,Delhi Capitals,135.0,Delhi Capitals,134,139,9,2
1254106,Kolkata Knight Riders,Rajasthan Royals,172.0,Kolkata Knight Riders,171,85,4,10
1254107,Punjab Kings,Sunrisers Hyderabad,126.0,Punjab Kings,125,120,7,7
1254108,Royal Challengers Bengaluru,Mumbai Indians,166.0,Royal Challengers Bengaluru,165,111,6,10
1254109,Sunrisers Hyderabad,Kolkata Knight Riders,116.0,Kolkata Knight Riders,115,119,8,4
1254110,Chennai Super Kings,Delhi Capitals,137.0,Delhi Capitals,136,139,5,7
1254111,Rajasthan Royals,Punjab Kings,186.0,Rajasthan Royals,185,183,10,4
1254112,Mumbai Indians,Delhi Capitals,130.0,Delhi Capitals,129,132,8,6
1254113,Royal Challengers Bengaluru,Chennai Super Kings,157.0,Chennai Super Kings,156,157,6,4
1254114,Delhi Capitals,Chennai Super Kings,173.0,Chennai Super Kings,172,173,5,6
1254115,Royal Challengers Bengaluru,Kolkata Knight Riders,139.0,Kolkata Knight Riders,138,139,7,6
1254116,Delhi Capitals,Kolkata Knight Riders,136.0,Kolkata Knight Riders,135,136,5,7
1254117,Chennai Super Kings,Kolkata Knight Riders,193.0,Chennai Super Kings,192,165,3,9
1304047,Chennai Super Kings,Kolkata Knight Riders,132.0,Kolkata Knight Riders,131,133,5,4
1304048,Mumbai Indians,Delhi Capitals,178.0,Delhi Capitals,177,179,5,6
1304049,Royal Challengers Bengaluru,Punjab Kings,206.0,Punjab Kings,205,208,2,5
1304050,Lucknow Super Giants,Gujarat Titans,159.0,Gujarat Titans,158,161,6,5
1304051,Rajasthan Royals,Sunrisers Hyderabad,211.0,Rajasthan Royals,210,149,6,7
1304052,Kolkata Knight Riders,Royal Challengers Bengaluru,129.0,Royal Challengers Bengaluru,128,132,10,7
1304053,Chennai Super Kings,Lucknow Super Giants,211.0,Lucknow Super Giants,210,211,7,4
1304054,Punjab Kings,Kolkata Knight Riders,138.0,Kolkata Knight Riders,137,141,10,4
1304055,Rajasthan Royals,Mumbai Indians,194.0,Rajasthan Royals,193,170,8,8
1304056,Gujarat Titans,Delhi Capitals,172.0,Gujarat Titans,171,157,6,9
1304057,Punjab Kings,Chennai Super Kings,181.0,Punjab Kings,180,126,8,10
1304058,Lucknow Super Giants,Sunrisers Hyderabad,170.0,Lucknow Super Giants,169,157,7,9
1304059,Rajasthan Royals,Royal Challengers Bengaluru,170.0,Royal Challengers Bengaluru,169,173,3,6
1304060,Mumbai Indians,Kolkata Knight Riders,162.0,Kolkata Knight Riders,161,162,4,5
1304061,Delhi Capitals,Lucknow Super Giants,150.0,Lucknow Super Giants,149,155,3,4
1304062,Punjab Kings,Gujarat Titans,190.0,Gujarat Titans,189,190,9,4
1304063,Chennai Super Kings,Sunrisers Hyderabad,155.0,Sunrisers Hyderabad,154,155,7,2
1304064,Mumbai Indians,Royal Challengers Bengaluru,152.0,Royal Challengers Bengaluru,151,152,6,3
1304065,Delhi Capitals,Kolkata Knight Riders,216.0,Delhi Capitals,215,171,5,10
1304066,Rajasthan Royals,Lucknow Super Giants,166.0,Rajasthan Royals,165,162,6,8
1304067,Gujarat Titans,Sunrisers Hyderabad,163.0,Sunrisers Hyderabad,162,168,7,2
1304068,Chennai Super Kings,Royal Challengers Bengaluru,217.0,Chennai Super Kings,216,193,4,9
1304069,Punjab Kings,Mumbai Indians,199.0,Punjab Kings,198,186,5,9
1304070,Gujarat Titans,Rajasthan Royals,193.0,Gujarat Titans,192,155,4,9
1304071,Kolkata Knight Riders,Sunrisers Hyderabad,176.0,Sunrisers Hyderabad,175,176,8,3
1304072,Lucknow Super Giants,Mumbai Indians,200.0,Lucknow Super Giants,199,181,4,9
1304073,Royal Challengers Bengaluru,Delhi Capitals,190.0,Royal Challengers Bengaluru,189,173,5,7
1304074,Punjab Kings,Sunrisers Hyderabad,152.0,Sunrisers Hyderabad,151,152,10,3
1304075,Chennai Super Kings,Gujarat Titans,170.0,Gujarat Titans,169,170,5,7
1304076,Rajasthan Royals,Kolkata Knight Riders,218.0,Rajasthan Royals,217,210,5,10
1304077,Royal Challengers Bengaluru,Lucknow Super Giants,182.0,Royal Challengers Bengaluru,181,163,6,8
1304078,Punjab Kings,Delhi Capitals,116.0,Delhi Capitals,115,119,10,1
1304079,Mumbai Indians,Chennai Super Kings,156.0,Chennai Super Kings,155,156,7,7
1304080,Rajasthan Royals,Delhi Capitals,223.0,Rajasthan Royals,222,207,2,8
1304081,Gujarat Titans,Kolkata Knight Riders,157.0,Gujarat Titans,156,148,9,8
1304082,Royal Challengers Bengaluru,Sunrisers Hyderabad,69.0,Sunrisers Hyderabad,68,72,10,1
1304083,Lucknow Super Giants,Mumbai Indians,169.0,Lucknow Super Giants,168,132,6,8
1304084,Punjab Kings,Chennai Super Kings,188.0,Punjab Kings,187,176,4,6
1304085,Rajasthan Royals,Royal Challengers Bengaluru,145.0,Rajasthan Royals,144,115,8,10
1304086,Sunrisers Hyderabad,Gujarat Titans,196.0,Gujarat Titans,195,199,6,5
1304087,Kolkata Knight Riders,Delhi Capitals,147.0,Delhi Capitals,146,150,9,6
1304088,Lucknow Super Giants,Punjab Kings,154.0,Lucknow Super Giants,153,133,8,8
1304089,Royal Challengers Bengaluru,Gujarat Titans,171.0,Gujarat Titans,170,174,6,4
1304090,Rajasthan Royals,Mumbai Indians,159.0,Mumbai Indians,158,161,6,5
1304091,Lucknow Super Giants,Delhi Capitals,196.0,Lucknow Super Giants,195,189,3,7
1304092,Chennai Super Kings,Sunrisers Hyderabad,203.0,Chennai Super Kings,202,189,2,6
1304093,Rajasthan Royals,Kolkata Knight Riders,153.0,Kolkata Knight Riders,152,158,5,3
1304094,Gujarat Titans,Punjab Kings,144.0,Punjab Kings,143,145,8,2
1304095,Royal Challengers Bengaluru,Chennai Super Kings,174.0,Royal Challengers Bengaluru,173,160,8,8
1304096,Delhi Capitals,Sunrisers Hyderabad,208.0,Delhi Capitals,207,186,3,8
1304097,Mumbai Indians,Gujarat Titans,178.0,Mumbai Indians,177,172,6,5
1304098,Punjab Kings,Rajasthan Royals,190.0,Rajasthan Royals,189,190,5,4
1304099,Lucknow Super Giants,Kolkata Knight Riders,177.0,Lucknow Super Giants,176,101,7,10
1304100,Royal Challengers Bengaluru,Sunrisers Hyderabad,193.0,Royal Challengers Bengaluru,192,125,3,10
1304101,Chennai Super Kings,Delhi Capitals,209.0,Chennai Super Kings,208,117,6,10
1304102,Kolkata Knight Riders,Mumbai Indians,166.0,Kolkata Knight Riders,165,113,9,10
1304103,Gujarat Titans,Lucknow Super Giants,145.0,Gujarat Titans,144,82,4,10
1304104,Rajasthan Royals,Delhi Capitals,161.0,Delhi Capitals,160,161,6,2
1304105,Chennai Super Kings,Mumbai Indians,98.0,Mumbai Indians,97,103,10,5
1304106,Punjab Kings,Royal Challengers Bengaluru,210.0,Punjab Kings,209,155,9,9
1304107,Kolkata Knight Riders,Sunrisers Hyderabad,178.0,Kolkata Knight Riders,177,123,6,8
1304108,Chennai Super Kings,Gujarat Titans,134.0,Gujarat Titans,133,137,5,3
1304109,Rajasthan Royals,Lucknow Super Giants,179.0,Rajasthan Royals,178,154,6,8
1304110,Delhi Capitals,Punjab Kings,160.0,Delhi Capitals,159,142,7,9
1304111,Sunrisers Hyderabad,Mumbai Indians,194.0,Sunrisers Hyderabad,193,190,6,7
1304112,Lucknow Super Giants,Kolkata Knight Riders,211.0,Lucknow Super Giants,210,208,0,8
1304113,Gujarat Titans,Royal Challengers Bengaluru,169.0,Royal Challengers Bengaluru,168,170,5,2
1304114,Chennai Super Kings,Rajasthan Royals,151.0,Rajasthan Royals,150,151,6,5
1304115,Delhi Capitals,Mumbai Indians,160.0,Mumbai Indians,159,160,7,5
1304116,Sunrisers Hyderabad,Punjab Kings,158.0,Punjab Kings,157,160,8,5
1312197,Rajasthan Royals,Gujarat Titans,189.0,Gujarat Titans,188,191,6,3
1312198,Royal Challengers Bengaluru,Lucknow Super Giants,208.0,Royal Challengers Bengaluru,207,193,4,6
1312199,Royal Challengers Bengaluru,Rajasthan Royals,158.0,Rajasthan Royals,157,161,8,3
1312200,Rajasthan Royals,Gujarat Titans,131.0,Gujarat Titans,130,133,9,3
1359475,Chennai Super Kings,Gujarat Titans,179.0,Gujarat Titans,178,182,7,5
1359476,Punjab Kings,Kolkata Knight Riders,154.0,Punjab Kings,191,146,5,7
1359477,Lucknow Super Giants,Delhi Capitals,194.0,Lucknow Super Giants,193,143,6,9
1359478,Rajasthan Royals,Sunrisers Hyderabad,204.0,Rajasthan Royals,203,131,5,8
1359479,Mumbai Indians,Royal Challengers Bengaluru,172.0,Royal Challengers Bengaluru,171,172,7,2
1359480,Chennai Super Kings,Lucknow Super Giants,218.0,Chennai Super Kings,217,205,7,7
1359481,Delhi Capitals,Gujarat Titans,163.0,Gujarat Titans,162,163,8,4
1359482,Punjab Kings,Rajasthan Royals,198.0,Punjab Kings,197,192,4,7
1359483,Kolkata Knight Riders,Royal Challengers Bengaluru,205.0,Kolkata Knight Riders,204,123,7,10
1359484,Sunrisers Hyderabad,Lucknow Super Giants,122.0,Lucknow Super Giants,121,127,8,5
1359485,Rajasthan Royals,Delhi Capitals,200.0,Rajasthan Royals,199,142,4,9
1359486,Mumbai Indians,Chennai Super Kings,158.0,Chennai Super Kings,157,159,8,3
1359487,Gujarat Titans,Kolkata Knight Riders,205.0,Kolkata Knight Riders,204,207,4,7
1359488,Punjab Kings,Sunrisers Hyderabad,144.0,Sunrisers Hyderabad,143,145,9,2
1359489,Royal Challengers Bengaluru,Lucknow Super Giants,213.0,Lucknow Super Giants,212,213,2,9
1359490,Delhi Capitals,Mumbai Indians,173.0,Mumbai Indians,172,173,10,4
1359491,Rajasthan Royals,Chennai Super Kings,176.0,Rajasthan Royals,175,172,8,6
1359492,Punjab Kings,Gujarat Titans,154.0,Gujarat Titans,153,154,8,4
1359493,Sunrisers Hyderabad,Kolkata Knight Riders,229.0,Sunrisers Hyderabad,228,205,4,7
1359494,Royal Challengers Bengaluru,Delhi Capitals,175.0,Royal Challengers Bengaluru,174,151,6,9
1359495,Lucknow Super Giants,Punjab Kings,160.0,Punjab Kings,159,161,8,8
1359496,Kolkata Knight Riders,Mumbai Indians,186.0,Mumbai Indians,185,186,6,5
1359497,Gujarat Titans,Rajasthan Royals,178.0,Rajasthan Royals,177,179,7,7
1359498,Chennai Super Kings,Royal Challengers Bengaluru,227.0,Chennai Super Kings,226,218,6,8
1359499,Mumbai Indians,Sunrisers Hyderabad,193.0,Mumbai Indians,192,178,5,10
1359500,Lucknow Super Giants,Rajasthan Royals,155.0,Lucknow Super Giants,154,144,7,6
1359501,Royal Challengers Bengaluru,Punjab Kings,175.0,Royal Challengers Bengaluru,174,150,4,10
1359502,Kolkata Knight Riders,Delhi Capitals,128.0,Delhi Capitals,127,128,10,6
1359503,Sunrisers Hyderabad,Chennai Super Kings,135.0,Chennai Super Kings,134,138,7,3
1359504,Gujarat Titans,Lucknow Super Giants,136.0,Gujarat Titans,135,128,6,7
1359505,Punjab Kings,Mumbai Indians,215.0,Punjab Kings,214,201,8,6
1359506,Royal Challengers Bengaluru,Rajasthan Royals,190.0,Royal Challengers Bengaluru,189,182,9,6
1359507,Chennai Super Kings,Kolkata Knight Riders,236.0,Chennai Super Kings,235,186,4,8
1359508,Delhi Capitals,Sunrisers Hyderabad,145.0,Delhi Capitals,144,137,9,6
1359509,Gujarat Titans,Mumbai Indians,208.0,Gujarat Titans,207,152,6,9
1359510,Kolkata Knight Riders,Royal Challengers Bengaluru,201.0,Kolkata Knight Riders,200,179,5,8
1359511,Rajasthan Royals,Chennai Super Kings,203.0,Rajasthan Royals,202,170,5,6
1359512,Lucknow Super Giants,Punjab Kings,258.0,Lucknow Super Giants,257,201,5,10
1359513,Kolkata Knight Riders,Gujarat Titans,180.0,Gujarat Titans,179,180,7,3
1359514,Sunrisers Hyderabad,Delhi Capitals,198.0,Sunrisers Hyderabad,197,188,6,6
1359515,Chennai Super Kings,Punjab Kings,201.0,Punjab Kings,200,201,4,6
1359516,Rajasthan Royals,Mumbai Indians,213.0,Mumbai Indians,212,214,7,4
1359517,Royal Challengers Bengaluru,Lucknow Super Giants,127.0,Royal Challengers Bengaluru,126,108,9,10
1359518,Delhi Capitals,Gujarat Titans,131.0,Delhi Capitals,130,125,8,6
1359520,Punjab Kings,Mumbai Indians,215.0,Mumbai Indians,214,216,3,4
1359521,Kolkata Knight Riders,Sunrisers Hyderabad,172.0,Kolkata Knight Riders,171,166,9,8
1359522,Rajasthan Royals,Gujarat Titans,119.0,Gujarat Titans,118,119,10,1
1359523,Mumbai Indians,Chennai Super Kings,140.0,Chennai Super Kings,139,140,8,4
1359524,Royal Challengers Bengaluru,Delhi Capitals,182.0,Delhi Capitals,181,187,4,3
1359525,Gujarat Titans,Lucknow Super Giants,228.0,Gujarat Titans,227,171,2,7
1359526,Rajasthan Royals,Sunrisers Hyderabad,215.0,Sunrisers Hyderabad,214,217,2,6
1359527,Punjab Kings,Kolkata Knight Riders,180.0,Kolkata Knight Riders,179,182,7,5
1359528,Royal Challengers Bengaluru,Mumbai Indians,200.0,Mumbai Indians,199,200,6,4
1359529,Chennai Super Kings,Delhi Capitals,168.0,Chennai Super Kings,167,140,8,8
1359530,Kolkata Knight Riders,Rajasthan Royals,150.0,Rajasthan Royals,149,151,8,1
1359531,Mumbai Indians,Gujarat Titans,219.0,Mumbai Indians,218,191,5,8
1359532,Sunrisers Hyderabad,Lucknow Super Giants,183.0,Lucknow Super Giants,182,185,6,3
1359533,Punjab Kings,Delhi Capitals,168.0,Punjab Kings,167,136,7,8
1359534,Royal Challengers Bengaluru,Rajasthan Royals,172.0,Royal Challengers Bengaluru,171,59,5,10
1359535,Chennai Super Kings,Kolkata Knight Riders,145.0,Kolkata Knight Riders,144,147,6,4
1359536,Gujarat Titans,Sunrisers Hyderabad,189.0,Gujarat Titans,188,154,9,9
1359537,Lucknow Super Giants,Mumbai Indians,178.0,Lucknow Super Giants,177,172,3,5
1359538,Delhi Capitals,Punjab Kings,214.0,Delhi Capitals,213,198,2,8
1359539,Sunrisers Hyderabad,Royal Challengers Bengaluru,187.0,Royal Challengers Bengaluru,186,187,5,2
1359540,Punjab Kings,Rajasthan Royals,188.0,Rajasthan Royals,187,189,5,6
1359541,Chennai Super Kings,Delhi Capitals,224.0,Chennai Super Kings,223,146,3,9
1359542,Lucknow Super Giants,Kolkata Knight Riders,177.0,Lucknow Super Giants,176,175,8,7
1359543,Sunrisers Hyderabad,Mumbai Indians,201.0,Mumbai Indians,200,201,5,2
1359544,Royal Challengers Bengaluru,Gujarat Titans,198.0,Gujarat Titans,197,198,5,4
1370350,Chennai Super Kings,Gujarat Titans,173.0,Chennai Super Kings,172,157,7,10
1370351,Mumbai Indians,Lucknow Super Giants,183.0,Mumbai Indians,182,101,8,10
1370352,Gujarat Titans,Mumbai Indians,234.0,Gujarat Titans,233,171,3,10
1370353,Gujarat Titans,Chennai Super Kings,171.0,Chennai Super Kings,214,171,4,5
1422119,Royal Challengers Bengaluru,Chennai Super Kings,174.0,Chennai Super Kings,173,176,6,4
1422120,Delhi Capitals,Punjab Kings,175.0,Punjab Kings,174,177,9,6
1422121,Kolkata Knight Riders,Sunrisers Hyderabad,209.0,Kolkata Knight Riders,208,204,7,7
1422122,Rajasthan Royals,Lucknow Super Giants,194.0,Rajasthan Royals,193,173,4,6
1422123,Gujarat Titans,Mumbai Indians,169.0,Gujarat Titans,168,162,6,9
1422124,Punjab Kings,Royal Challengers Bengaluru,177.0,Royal Challengers Bengaluru,176,178,6,6
1422125,Chennai Super Kings,Gujarat Titans,207.0,Chennai Super Kings,206,143,6,8
1422126,Sunrisers Hyderabad,Mumbai Indians,278.0,Sunrisers Hyderabad,277,246,3,5
1422127,Rajasthan Royals,Delhi Capitals,186.0,Rajasthan Royals,185,173,5,5
1422128,Royal Challengers Bengaluru,Kolkata Knight Riders,183.0,Kolkata Knight Riders,182,186,6,3
1422129,Lucknow Super Giants,Punjab Kings,200.0,Lucknow Super Giants,199,178,8,5
1422130,Sunrisers Hyderabad,Gujarat Titans,163.0,Gujarat Titans,162,168,8,3
1422131,Delhi Capitals,Chennai Super Kings,192.0,Delhi Capitals,191,171,5,6
1422132,Mumbai Indians,Rajasthan Royals,126.0,Rajasthan Royals,125,127,9,4
1422133,Lucknow Super Giants,Royal Challengers Bengaluru,182.0,Lucknow Super Giants,181,153,5,10
1422134,Kolkata Knight Riders,Delhi Capitals,273.0,Kolkata Knight Riders,272,166,7,10
1422135,Gujarat Titans,Punjab Kings,200.0,Punjab Kings,199,200,4,7
1422136,Chennai Super Kings,Sunrisers Hyderabad,166.0,Sunrisers Hyderabad,165,166,5,4
1422137,Royal Challengers Bengaluru,Rajasthan Royals,184.0,Rajasthan Royals,183,189,3,4
1422138,Mumbai Indians,Delhi Capitals,235.0,Mumbai Indians,234,205,5,8
1422139,Lucknow Super Giants,Gujarat Titans,164.0,Lucknow Super Giants,163,130,5,10
1426260,Kolkata Knight Riders,Chennai Super Kings,138.0,Chennai Super Kings,137,141,9,3
1426261,Sunrisers Hyderabad,Punjab Kings,183.0,Sunrisers Hyderabad,182,180,9,6
1426262,Rajasthan Royals,Gujarat Titans,197.0,Gujarat Titans,196,199,3,7
1426263,Royal Challengers Bengaluru,Mumbai Indians,197.0,Mumbai Indians,196,199,8,3
1426264,Lucknow Super Giants,Delhi Capitals,168.0,Delhi Capitals,167,170,7,4
1426265,Punjab Kings,Rajasthan Royals,148.0,Rajasthan Royals,147,152,8,7
1426266,Lucknow Super Giants,Kolkata Knight Riders,162.0,Kolkata Knight Riders,161,162,7,2
1426267,Chennai Super Kings,Mumbai Indians,207.0,Chennai Super Kings,206,186,4,6
1426268,Sunrisers Hyderabad,Royal Challengers Bengaluru,288.0,Sunrisers Hyderabad,287,262,3,7
1426269,Kolkata Knight Riders,Rajasthan Royals,224.0,Rajasthan Royals,223,224,6,8
1426270,Gujarat Titans,Delhi Capitals,90.0,Delhi Capitals,89,92,10,4
1426271,Mumbai Indians,Punjab Kings,193.0,Mumbai Indians,192,183,7,10
1426272,Chennai Super Kings,Lucknow Super Giants,177.0,Lucknow Super Giants,176,180,6,2
1426273,Sunrisers Hyderabad,Delhi Capitals,267.0,Sunrisers Hyderabad,266,199,7,10
1426274,Kolkata Knight Riders,Royal Challengers Bengaluru,223.0,Kolkata Knight Riders,222,221,6,10
1426275,Punjab Kings,Gujarat Titans,143.0,Gujarat Titans,142,146,10,7
1426276,Mumbai Indians,Rajasthan Royals,180.0,Rajasthan Royals,179,183,9,1
1426277,Chennai Super Kings,Lucknow Super Giants,211.0,Lucknow Super Giants,210,213,4,4
1426278,Delhi Capitals,Gujarat Titans,225.0,Delhi Capitals,224,220,4,8
1426279,Royal Challengers Bengaluru,Sunrisers Hyderabad,207.0,Royal Challengers Bengaluru,206,171,7,8
1426280,Kolkata Knight Riders,Punjab Kings,262.0,Punjab Kings,261,262,6,2
1426281,Delhi Capitals,Mumbai Indians,258.0,Delhi Capitals,257,247,4,9
1426282,Lucknow Super Giants,Rajasthan Royals,197.0,Rajasthan Royals,196,199,5,3
1426283,Gujarat Titans,Royal Challengers Bengaluru,201.0,Royal Challengers Bengaluru,200,206,3,1
1426284,Chennai Super Kings,Sunrisers Hyderabad,213.0,Chennai Super Kings,212,134,3,10
1426285,Delhi Capitals,Kolkata Knight Riders,154.0,Kolkata Knight Riders,153,157,9,3
1426286,Mumbai Indians,Lucknow Super Giants,145.0,Lucknow Super Giants,144,145,7,6
1426287,Chennai Super Kings,Punjab Kings,163.0,Punjab Kings,162,163,7,3
1426288,Sunrisers Hyderabad,Rajasthan Royals,202.0,Sunrisers Hyderabad,201,200,3,7
1426289,Kolkata Knight Riders,Mumbai Indians,170.0,Kolkata Knight Riders,169,145,10,10
1426290,Gujarat Titans,Royal Challengers Bengaluru,148.0,Royal Challengers Bengaluru,147,152,10,6
1426291,Chennai Super Kings,Punjab Kings,168.0,Chennai Super Kings,167,139,9,9
1426292,Kolkata Knight Riders,Lucknow Super Giants,236.0,Kolkata Knight Riders,235,137,6,10
1426293,Sunrisers Hyderabad,Mumbai Indians,174.0,Mumbai Indians,173,174,8,3
1426294,Delhi Capitals,Rajasthan Royals,222.0,Delhi Capitals,221,201,8,8
1426295,Lucknow Super Giants,Sunrisers Hyderabad,166.0,Sunrisers Hyderabad,165,167,4,0
1426296,Royal Challengers Bengaluru,Punjab Kings,242.0,Royal Challengers Bengaluru,241,181,7,10
1426297,Gujarat Titans,Chennai Super Kings,232.0,Gujarat Titans,231,196,3,8
1426298,Kolkata Knight Riders,Mumbai Indians,158.0,Kolkata Knight Riders,157,139,7,8
1426299,Rajasthan Royals,Chennai Super Kings,142.0,Chennai Super Kings,141,145,5,5
1426300,Royal Challengers Bengaluru,Delhi Capitals,188.0,Royal Challengers Bengaluru,187,140,9,10
1426302,Delhi Capitals,Lucknow Super Giants,209.0,Delhi Capitals,208,189,4,9
1426303,Rajasthan Royals,Punjab Kings,145.0,Punjab Kings,144,145,9,5
1426305,Lucknow Super Giants,Mumbai Indians,215.0,Lucknow Super Giants,214,196,6,6
1426306,Royal Challengers Bengaluru,Chennai Super Kings,219.0,Royal Challengers Bengaluru,218,191,5,7
1426307,Punjab Kings,Sunrisers Hyderabad,215.0,Sunrisers Hyderabad,214,215,5,6
1426309,Sunrisers Hyderabad,Kolkata Knight Riders,160.0,Kolkata Knight Riders,159,164,10,2
1426310,Royal Challengers Bengaluru,Rajasthan Royals,173.0,Rajasthan Royals,172,174,8,6
1426311,Sunrisers Hyderabad,Rajasthan Royals,176.0,Sunrisers Hyderabad,175,139,9,7
1426312,Sunrisers Hyderabad,Kolkata Knight Riders,114.0,Kolkata Knight Riders,113,114,10,2
1473438,Kolkata Knight Riders,Royal Challengers Bengaluru,175.0,Royal Challengers Bengaluru,174,177,8,3
1473439,Sunrisers Hyderabad,Rajasthan Royals,287.0,Sunrisers Hyderabad,286,242,6,6
1473440,Mumbai Indians,Chennai Super Kings,156.0,Chennai Super Kings,155,158,9,6
1473441,Lucknow Super Giants,Delhi Capitals,210.0,Delhi Capitals,209,211,8,9
1473442,Punjab Kings,Gujarat Titans,244.0,Punjab Kings,243,232,5,5
1473443,Rajasthan Royals,Kolkata Knight Riders,152.0,Kolkata Knight Riders,151,153,9,2
1473444,Sunrisers Hyderabad,Lucknow Super Giants,191.0,Lucknow Super Giants,190,193,9,5
1473445,Royal Challengers Bengaluru,Chennai Super Kings,197.0,Royal Challengers Bengaluru,196,146,7,8
1473446,Gujarat Titans,Mumbai Indians,197.0,Gujarat Titans,196,160,8,6
1473447,Sunrisers Hyderabad,Delhi Capitals,164.0,Delhi Capitals,163,166,10,3
1473448,Rajasthan Royals,Chennai Super Kings,183.0,Rajasthan Royals,182,176,9,6
1473449,Kolkata Knight Riders,Mumbai Indians,117.0,Mumbai Indians,116,121,10,2
1473450,Lucknow Super Giants,Punjab Kings,172.0,Punjab Kings,171,177,7,2
1473451,Royal Challengers Bengaluru,Gujarat Titans,170.0,Gujarat Titans,169,170,8,2
1473452,Kolkata Knight Riders,Sunrisers Hyderabad,201.0,Kolkata Knight Riders,200,120,6,10
1473453,Lucknow Super Giants,Mumbai Indians,204.0,Lucknow Super Giants,203,191,8,5
1473454,Delhi Capitals,Chennai Super Kings,184.0,Delhi Capitals,183,158,6,5
1473455,Rajasthan Royals,Punjab Kings,206.0,Rajasthan Royals,205,155,4,9
1473456,Lucknow Super Giants,Kolkata Knight Riders,239.0,Lucknow Super Giants,238,234,3,7
1473457,Sunrisers Hyderabad,Gujarat Titans,153.0,Gujarat Titans,152,153,8,3
1473458,Royal Challengers Bengaluru,Mumbai Indians,222.0,Royal Challengers Bengaluru,221,209,5,9
1473459,Punjab Kings,Chennai Super Kings,220.0,Punjab Kings,219,201,6,5
1473460,Gujarat Titans,Rajasthan Royals,218.0,Gujarat Titans,217,159,6,10
1473461,Royal Challengers Bengaluru,Delhi Capitals,164.0,Delhi Capitals,163,169,7,4
1473462,Chennai Super Kings,Kolkata Knight Riders,104.0,Kolkata Knight Riders,103,107,9,2
1473463,Gujarat Titans,Lucknow Super Giants,181.0,Lucknow Super Giants,180,186,6,4
1473464,Punjab Kings,Sunrisers Hyderabad,246.0,Sunrisers Hyderabad,245,247,6,2
1473465,Rajasthan Royals,Royal Challengers Bengaluru,174.0,Royal Challengers Bengaluru,173,175,4,1
1473466,Mumbai Indians,Delhi Capitals,206.0,Mumbai Indians,205,193,5,10
1473467,Lucknow Super Giants,Chennai Super Kings,167.0,Chennai Super Kings,166,168,7,5
1473468,Punjab Kings,Kolkata Knight Riders,112.0,Punjab Kings,111,95,10,10
1473469,Delhi Capitals,Rajasthan Royals,189.0,Unknown,188,188,5,4
1473470,Sunrisers Hyderabad,Mumbai Indians,163.0,Mumbai Indians,162,166,5,6
1473471,Royal Challengers Bengaluru,Punjab Kings,96.0,Punjab Kings,95,98,9,5
1473472,Delhi Capitals,Gujarat Titans,204.0,Gujarat Titans,203,204,8,3
1473473,Lucknow Super Giants,Rajasthan Royals,181.0,Lucknow Super Giants,180,178,5,5
1473474,Punjab Kings,Royal Challengers Bengaluru,158.0,Royal Challengers Bengaluru,157,159,6,3
1473475,Chennai Super Kings,Mumbai Indians,177.0,Mumbai Indians,176,177,5,1
1473476,Gujarat Titans,Kolkata Knight Riders,199.0,Gujarat Titans,198,159,3,8
1473477,Lucknow Super Giants,Delhi Capitals,160.0,Delhi Capitals,159,161,6,2
1473478,Sunrisers Hyderabad,Mumbai Indians,144.0,Mumbai Indians,143,146,8,3
1473479,Royal Challengers Bengaluru,Rajasthan Royals,206.0,Royal Challengers Bengaluru,205,194,5,9
1473480,Chennai Super Kings,Sunrisers Hyderabad,155.0,Sunrisers Hyderabad,154,155,10,5
1473482,Mumbai Indians,Lucknow Super Giants,216.0,Mumbai Indians,215,161,7,10
1473483,Delhi Capitals,Royal Challengers Bengaluru,163.0,Royal Challengers Bengaluru,162,165,8,4
1473484,Gujarat Titans,Rajasthan Royals,210.0,Rajasthan Royals,209,212,4,2
1473485,Kolkata Knight Riders,Delhi Capitals,205.0,Kolkata Knight Riders,204,190,9,9
1473486,Chennai Super Kings,Punjab Kings,191.0,Punjab Kings,190,194,10,6
1473487,Mumbai Indians,Rajasthan Royals,218.0,Mumbai Indians,217,117,2,10
1473488,Gujarat Titans,Sunrisers Hyderabad,225.0,Gujarat Titans,224,186,6,6
1473489,Royal Challengers Bengaluru,Chennai Super Kings,214.0,Royal Challengers Bengaluru,213,211,5,5
1473490,Kolkata Knight Riders,Rajasthan Royals,207.0,Kolkata Knight Riders,206,205,4,8
1473491,Punjab Kings,Lucknow Super Giants,237.0,Punjab Kings,236,199,5,7
1473493,Mumbai Indians,Gujarat Titans,147.0,Gujarat Titans,155,147,8,7
1473494,Kolkata Knight Riders,Chennai Super Kings,180.0,Chennai Super Kings,179,183,6,8
1473497,Punjab Kings,Rajasthan Royals,220.0,Punjab Kings,219,209,5,7
1473498,Delhi Capitals,Gujarat Titans,200.0,Gujarat Titans,199,205,3,0
1473499,Lucknow Super Giants,Sunrisers Hyderabad,206.0,Sunrisers Hyderabad,205,206,7,4
1473500,Chennai Super Kings,Rajasthan Royals,188.0,Rajasthan Royals,187,188,8,4
1473501,Mumbai Indians,Delhi Capitals,181.0,Mumbai Indians,180,121,5,10
1473502,Lucknow Super Giants,Gujarat Titans,236.0,Lucknow Super Giants,235,202,2,9
1473503,Sunrisers Hyderabad,Royal Challengers Bengaluru,232.0,Sunrisers Hyderabad,231,189,6,10
1473504,Chennai Super Kings,Gujarat Titans,231.0,Chennai Super Kings,230,147,5,10
1473505,Sunrisers Hyderabad,Kolkata Knight Riders,279.0,Sunrisers Hyderabad,278,168,3,10
1473506,Mumbai Indians,Punjab Kings,185.0,Punjab Kings,184,187,7,3
1473507,Lucknow Super Giants,Royal Challengers Bengaluru,228.0,Royal Challengers Bengaluru,227,230,3,4
1473508,Punjab Kings,Royal Challengers Bengaluru,102.0,Royal Challengers Bengaluru,101,106,10,2
1473509,Mumbai Indians,Gujarat Titans,229.0,Mumbai Indians,228,208,5,6
1473510,Mumbai Indians,Punjab Kings,204.0,Punjab Kings,203,207,6,5
1473511,Royal Challengers Bengaluru,Punjab Kings,191.0,Royal Challengers Bengaluru,190,184,9,7
1485779,Punjab Kings,Delhi Capitals,207.0,Delhi Capitals,206,208,8,4
